,Y,T,Confounder
0,-80.62972136914013,0,-0.8028341617346498
1,-88.32138995786882,0,-0.8858216910785042
2,117.87290653431707,0,1.175999542223325
3,-29.00758615745995,1,-0.30489162827521527
4,-59.413025784566074,1,-0.6216327079432294
5,-244.9711325899302,0,-2.442492310614756
6,14.329237969304273,0,0.12719081351732398
7,9.031797555588588,1,0.04751905093464343
8,35.92477998372667,0,0.3529753507879278
9,37.17076350696507,1,0.3405515966422606
10,-10.7340588069757,0,-0.11537734580128617
11,-119.26843908448788,1,-1.230735075910599
12,-157.22327116058545,1,-1.6177795989510388
13,-111.95330933977705,1,-1.1551232852381121
14,100.1308691651556,0,0.9887492036884397
15,46.77062409019489,0,0.4705018972751785
16,66.00117171177747,0,0.6546707970997083
17,-13.419642481853451,1,-0.17363196661344762
18,153.90099021939338,0,1.5326538044020817
19,24.082172229085586,1,0.2166384187827325
20,-58.004056335917284,1,-0.6005988272093706
21,11.180138079283589,0,0.10598949780325018
22,52.80277252148502,1,0.49885901107185937
23,164.17815294202737,0,1.6342359033244525
24,21.571850498092605,1,0.18639306710998907
25,22.871862748617236,0,0.22333132611596454
26,126.7089748820093,0,1.2774477262481663
27,6.831887589005984,0,0.08384039879089931
28,23.644156632897168,0,0.2340580393320781
29,-55.57682645157814,0,-0.548203470233251
30,-29.81035660921317,1,-0.33175999992681204
31,-43.33060416970706,0,-0.4340122640034773
32,34.191742007809744,1,0.2961542206161247
33,34.54085157692633,1,0.31126222293620753
34,-75.7333251176563,1,-0.7711730867508954
35,81.8223596617446,1,0.7949069080023088
36,-23.528492237409544,1,-0.2711883351579631
37,87.59889744827498,0,0.8899768411947455
38,-54.60828054300403,1,-0.5734917438726536
39,185.41132675350804,1,1.8138812125702644
40,108.75440989953518,0,1.099629330718983
41,17.132518407937592,1,0.15235061736175112
42,-252.74473795090896,0,-2.5121102287028956
43,20.63937205018076,0,0.2017768741757585
44,-9.164855412977392,1,-0.10947820545083894
45,268.192157856702,0,2.671957246428862
46,45.75099977623794,0,0.4684884461994944
47,252.58895075025728,0,2.5154436388816968
48,74.19655548633543,0,0.7489626402150895
49,16.377125668576745,0,0.15131067482323451
50,109.79326005641792,1,1.0563029850707746
51,133.89085610518077,0,1.3527322989757495
52,-42.54318405512976,0,-0.4234982018849031
53,139.516334770967,1,1.3640871840284519
54,-35.894058883077946,0,-0.36059115038038736
55,-21.431132516896177,1,-0.2627344900704386
56,-15.817465789586636,1,-0.189096311390316
57,-156.85941577268457,1,-1.6144733071720623
58,3.654983092828218,1,-0.009464314897022003
59,-145.88704117813398,1,-1.497799499415242
60,-31.979783237571183,1,-0.35277908711579037
61,-129.8988241686674,1,-1.3370389549788086
62,259.96833919438615,0,2.596864682030496
63,-20.746061788238016,0,-0.19738706555031119
64,22.009159915459094,1,0.18570849480199345
65,-56.68185437340599,0,-0.5905234468609966
66,-98.61929590671687,1,-1.0241141175277617
67,21.146076724772772,1,0.19097430362118833
68,37.0118993277509,1,0.33475504101292913
69,-40.309851289727106,1,-0.4223051655685172
70,166.88107043985784,1,1.651319137039305
71,81.63032147086149,0,0.8267452730530738
72,-25.312592201397308,1,-0.28323620507201147
73,-180.22495338376376,0,-1.7995418842549977
74,-62.52270006572486,0,-0.6161429004314861
75,-67.80155463926327,1,-0.7075620379914079
76,23.03260179592759,1,0.2039169423114611
77,-66.81231059766623,0,-0.6962894782529858
78,15.295911837532538,0,0.17448095035639696
79,-85.59851318043998,0,-0.8471219918825539
80,-121.04606198001451,0,-1.2137041870229308
81,-68.06244132713938,1,-0.710347493791105
82,-63.70603387305574,0,-0.6291167660055019
83,81.9478897336151,0,0.8280877482808012
84,-62.499575409991344,1,-0.6458397322648433
85,65.98185048959765,0,0.6460462445426182
86,228.01143671545947,1,2.2374494192837986
87,86.5065503184046,0,0.8596071968074795
88,13.37304968002418,0,0.1077812863147241
89,-99.11676554206699,0,-0.9788164863600424
90,35.93458750640288,0,0.347837329541747
91,20.20709749888237,0,0.20590786690079646
92,193.64303215876706,0,1.9390465340373333
93,-166.88489990811672,1,-1.687692573256036
94,81.1569102871214,1,0.7875491967776126
95,-55.685640006521,1,-0.5797787915452806
96,64.50082531674629,1,0.6117336285764865
97,65.29186393748334,0,0.6382261064494027
98,-6.727764711134593,0,-0.07094155166894843
99,-113.38407773603515,0,-1.1376238720337173
100,-131.64490357998116,1,-1.3297745853146152
101,-86.024347996975,1,-0.8778469862293151
102,-104.75650320924295,0,-1.0401253568600275
103,16.133986147041046,1,0.1174089489873689
104,297.66584594946943,0,2.989395036876613
105,-24.049680999353956,1,-0.27682717163003095
106,55.72730996238558,1,0.5235919523492604
107,61.439593791260506,0,0.5896419094707713
108,-264.3701576363214,0,-2.6264897774560834
109,5.619042589003029,1,0.015270856204261503
110,134.72272762866328,1,1.3048530438604675
111,-127.27765925232599,1,-1.3111007021112648
112,-40.495395153524385,0,-0.3985569126360692
113,-256.1804613802261,0,-2.564371820977827
114,116.99198897802884,0,1.1845638266544576
115,-167.86006192448562,1,-1.7358141809616499
116,-126.7351907418503,1,-1.2926337233197047
117,124.36389592048492,1,1.2093155367159543
118,-98.34776019555638,0,-0.992865865275873
119,-2.8569625619200263,0,-0.0348989486137638
120,-129.15198762872063,0,-1.2819191053642995
121,-77.2775679078431,1,-0.8202618274526403
122,110.33873109342363,0,1.1152071384815399
123,107.00648726438719,1,1.0541854681049683
124,-5.5963131696975355,1,-0.09504223112074903
125,69.36545167071922,0,0.6990196592040363
126,187.96718840637772,0,1.8731093917658461
127,55.464355710536616,0,0.559100403103821
128,127.6816667818478,0,1.2635728635131924
129,-111.20814068622403,0,-1.106608008317285
130,74.95319307051076,1,0.7358799004797683
131,96.7833254644515,0,0.9516659829472289
132,164.47059198137092,0,1.6439400294583717
133,-9.519078288059594,0,-0.09678688808860597
134,-123.25313968782417,0,-1.2303739957797926
135,-65.60736224228958,0,-0.638943503882145
136,-51.83994377170821,0,-0.5221931296331395
137,104.39704679127125,0,1.028009508202985
138,76.81995174081372,0,0.76957666527289
139,67.97729981591493,1,0.642092166259619
140,-122.40608057345156,1,-1.252259044748978
141,-60.752528048001686,0,-0.5984557994976858
142,-100.77952093438283,0,-0.9951253255736977
143,143.5012389671533,0,1.4387742206208107
144,-56.12564594693046,0,-0.5520721495954262
145,53.86071677987918,0,0.5253022902350396
146,-14.796911324657227,1,-0.1868912278938684
147,65.99617047122389,1,0.64538480326032
148,-153.79955416052186,1,-1.5638309615923016
149,-96.14019796005395,1,-0.9888352621062525
150,82.30322918188762,1,0.7772550099181662
151,153.72788614858624,0,1.5454437921056217
152,193.79115763414728,0,1.9326683998616503
153,34.03765282414549,0,0.3370431935430701
154,179.7423191393183,1,1.774069457621911
155,139.63237586721135,0,1.3967729240078195
156,21.7529271446237,0,0.2238024819178553
157,-7.3361595171755365,0,-0.09343986617003834
158,-65.05694479804609,0,-0.647036847602234
159,-14.284103209076362,0,-0.1381901452326602
160,21.214135652387057,0,0.20717835209677982
161,-44.563109225583865,1,-0.4831792485484951
162,-162.2015584807655,0,-1.6189808825308662
163,-194.07488870800253,0,-1.9325263052442543
164,87.43754237878449,1,0.8549717868105708
165,-131.22468836997592,0,-1.301735457197691
166,-15.356072429752,0,-0.16098326127102563
167,-136.52318920976137,0,-1.368655426702165
168,-65.44232414006923,1,-0.6758899723448545
169,134.94965834965456,0,1.3454598071489619
170,103.86155363364593,1,0.9825601624029444
171,32.12765229514344,1,0.29776350704689275
172,-78.78952817880828,1,-0.8163322648251494
173,-72.13758243925984,0,-0.6957136883310937
174,93.49512512715151,1,0.9157481889205796
175,-61.690562138222404,0,-0.6039225229107856
176,-7.078502163470867,0,-0.04474547529660046
177,-77.54180556522267,0,-0.7615996732688393
178,-87.24173077813894,1,-0.9057842813359079
179,14.171071446839285,0,0.14403560594125742
180,21.493851199796435,0,0.20680189134608856
181,37.23289472222772,1,0.34784504589687376
182,22.01125765652987,1,0.18528758647690033
183,-43.16485433358941,1,-0.4693639134742635
184,-47.25743350014972,1,-0.49106459696351773
185,139.1174304260497,0,1.385676875559497
186,131.64878615881503,0,1.3133434507158057
187,-36.44719139091828,1,-0.4046771700113707
188,127.78869644658715,1,1.2578859237388893
189,-229.69401135178336,0,-2.307700022329575
190,-70.98261438770837,1,-0.716842785832045
191,-99.41444751985051,1,-1.011534375395566
192,-258.1345628081706,0,-2.590782732098194
193,182.38061349823153,0,1.848591337647888
194,-55.024554101146656,1,-0.5666452396906143
195,9.72633745288599,1,0.08637334860020174
196,-81.58939592283747,1,-0.8505920854936895
197,-31.198502889887177,1,-0.34351993768630723
198,92.21162293086647,1,0.8844974881423677
199,-7.135442544546198,1,-0.11510360746544954
200,132.32800668061674,1,1.2795100694967212
201,-63.498412380601195,1,-0.6675137104964186
202,9.192873330027002,1,0.06747167406740376
203,130.2570070055639,1,1.255738958790844
204,-13.475700494977481,0,-0.12096055298717594
205,-188.55453093299016,0,-1.868412442086595
206,-116.46687766893369,1,-1.2002023821388466
207,45.53173643054207,1,0.41742176398977643
208,168.57245349969486,0,1.676292094949179
209,-21.33088231313405,1,-0.24285370122227481
210,-3.7333064295525493,0,-0.04154294397419872
211,-27.090157422795603,1,-0.3025694545601518
212,-8.136244650074739,1,-0.10639504040079935
213,-103.63084936746004,1,-1.0594913806485304
214,-24.12175575695211,1,-0.2802439599085593
215,-70.94690190001695,0,-0.7155498387796957
216,-247.03485492040807,0,-2.4605563645110324
217,76.95522061956586,1,0.7371142892963736
218,47.75904347979007,1,0.4467670569835275
219,-155.68257812857118,1,-1.5829032732323727
220,-86.67978153027526,1,-0.8931634176084261
221,213.5695106724379,1,2.121858105378561
222,79.64469087545375,0,0.7916928834318664
223,22.93657661701881,1,0.20189947147422832
224,-71.31642557108825,0,-0.7043279085846134
225,154.9843172458089,0,1.557912966897232
226,173.4162060104441,1,1.7073646132396942
227,-84.07760165062582,0,-0.8206787620554178
228,-66.00641003913964,0,-0.6442834875362274
229,-182.2595436642582,0,-1.826346126483055
230,139.551066405611,0,1.40922642366572
231,174.04613728958338,1,1.7002141741247572
232,178.44871494285218,0,1.773399126853019
233,-141.8527256848587,1,-1.4545721970677283
234,54.05115549087479,1,0.5175434052406667
235,5.281473377309029,0,0.05332957333217452
236,101.8372616599029,0,1.0313272366878916
237,-47.87928716236191,1,-0.5114268896697655
238,-8.0803479526892,0,-0.07873875278199018
239,203.08175017855206,1,2.0140589102508404
240,16.808895179205997,1,0.14062624241168598
241,-199.35126981986178,1,-2.034348514249773
242,-76.16940721570117,0,-0.7631494333193608
243,60.26693859731125,1,0.5867564576968016
244,97.75682152307633,0,0.999631157502606
245,-108.92670833685118,0,-1.1059128157424745
246,102.02832480868356,1,0.9804262335113236
247,41.874929572311586,1,0.39500182903278264
248,-57.07626104472171,0,-0.5804282634376404
249,-63.102539273925224,1,-0.6773878240916053
250,-5.506323874246961,0,-0.09059517002041163
251,-81.25481624072094,0,-0.8066655040147794
252,-75.08252521035175,1,-0.7705803528206105
253,124.04363523554923,0,1.2296822357452515
254,-24.78924595948414,0,-0.24631975914866444
255,41.068283446493204,0,0.4248316680981923
256,41.65931508815554,0,0.43555811868553806
257,-127.53533197959308,1,-1.295153619447685
258,73.56558915900135,0,0.7442118352166931
259,23.048939162928487,1,0.20831664892876436
260,-97.60869096323118,0,-0.9608835733908861
261,-155.23611918715994,1,-1.5676732511482117
262,30.00656419101705,1,0.27849465989684685
263,-207.69766648224265,0,-2.0863186297920038
264,154.1958854288333,1,1.503481219983295
265,-97.09394466876206,0,-0.9609700819558044
266,-58.12961027948194,0,-0.5844318920378366
267,-62.326992968225944,1,-0.6626430126683107
268,112.32762784368175,0,1.14179191842839
269,97.02075373229566,0,0.977111384597031
270,51.58257711480078,1,0.46645277268184226
271,-194.3005263314533,0,-1.9494183400604717
272,271.43376419807015,0,2.730559974735358
273,-99.30207898329733,1,-1.0216983806581574
274,62.72474257088302,0,0.6149963902420529
275,42.196348315118556,1,0.38805228183267615
276,-89.12019397107944,0,-0.9090836433012289
277,58.592892859629366,1,0.5524191543301592
278,-222.31045766149137,0,-2.2127411478596826
279,49.988112272022484,1,0.4837172899018012
280,-48.74533255353034,1,-0.5266462053226331
281,-55.872543656609075,0,-0.5469948019190052
282,-12.767053887418651,0,-0.14307391255595908
283,-74.18855833699804,1,-0.7718953119643762
284,22.189102533898804,0,0.2239128340927592
285,117.54102836799547,1,1.1501434109867652
286,-49.66905256742853,1,-0.513396457652247
287,73.70411562554564,0,0.7386167062380373
288,-133.02150291018617,0,-1.3454719720483967
289,10.220537892305545,0,0.10500574845194022
290,227.90072365248392,1,2.2469812449705686
291,-47.4435743741976,1,-0.5235381260754037
292,-49.328752170859175,0,-0.4812698352770382
293,4.218129800382685,1,-0.006985440192877844
294,-104.43853694079291,0,-1.0570541404471114
295,26.650431543850505,1,0.24412833731769185
296,105.56198947819576,0,1.0589385520562533
297,-79.89003023789853,0,-0.7928838331522228
298,135.2619217993664,0,1.3558989419761964
299,105.10743447675564,0,1.0494489053768685
300,172.48002411576064,1,1.6888746810903505
301,-7.516341651687802,1,-0.09601797654305387
302,6.624238016896039,0,0.07082006667168837
303,110.0248998597366,1,1.0798212899818522
304,-162.00343685170168,0,-1.633818227990789
305,-31.309853022279263,0,-0.3125256193618185
306,153.97307749049511,1,1.5153845704244557
307,-12.388545869200945,0,-0.14290925987111766
308,-93.19479092965817,1,-0.9669186289484005
309,-94.62980116564378,0,-0.9629827405433082
310,-15.4489442681757,1,-0.1832210043858853
311,-100.91308478751459,1,-1.0606159004235212
312,84.26717942614302,0,0.8434415428806062
313,-93.86929191736978,0,-0.9638704519013793
314,9.292594689498637,1,0.06941682910156924
315,-1.698119390626645,0,-0.01934496444942954
316,-131.65598138366371,0,-1.2997608943345071
317,-90.94265424040672,0,-0.9143049670238087
318,95.1118239304001,0,0.9351599891957654
319,-54.75187294002414,0,-0.5650945614965804
320,-83.95365334283922,1,-0.8723562104730629
321,-18.307421269353483,1,-0.2117755322393219
322,-31.027960395024987,0,-0.29530628159130773
323,-195.6705497571874,0,-1.952629457102486
324,-166.0589740204169,0,-1.6607806822204139
325,-119.2530087499547,1,-1.2038168859029932
326,84.90877078637372,1,0.7990616173121656
327,-20.53212314815526,1,-0.24484479802131037
328,88.07271632550999,0,0.8866794269530368
329,211.79358968728422,0,2.1265295914259816
330,6.202007866909908,1,0.026199573341734308
331,105.22251789669208,1,1.0354795029023693
332,104.75035527942372,0,1.050251134196353
333,-94.246031327919,1,-0.9814263014070643
334,106.58198002722283,1,1.0412284553264946
335,274.2473402433132,1,2.678730709984596
336,-108.63112274052531,0,-1.0867168916383592
337,1.6504596790028407,1,-0.02968746203345243
338,142.19215893523142,0,1.419919558566428
339,125.10609111313975,1,1.2164729990091347
340,-95.98358702535303,0,-0.9476323365088178
341,-133.3549791720788,0,-1.3441488977316312
342,104.52457626112148,1,1.0115551275422567
343,43.581636566335646,0,0.4312917187156112
344,-85.45582502172951,0,-0.8447278997854446
345,-81.18211692117747,1,-0.8351250904907741
346,3.105287528448673,1,-0.01845194383444031
347,-122.06407900850445,0,-1.2297226820417222
348,-74.6783765038471,1,-0.7626213537751648
349,118.80281381349626,1,1.1554398733889153
350,-143.4563198770104,0,-1.438549151291846
351,-4.086008551291132,1,-0.06846942154224912
352,31.900539320615344,0,0.3148236557017605
353,29.9882747639779,1,0.2920513818623296
354,83.60331092061199,0,0.8492927574294997
355,26.58619308892973,0,0.25718673133433156
356,-97.24586406618823,1,-0.987001916010381
357,-3.4524551789755127,1,-0.06924174639909114
358,-155.78291072641147,1,-1.59792000183487
359,145.68644457338496,0,1.4497884234747884
360,34.72612672501015,1,0.3111829301920715
361,239.68571289078616,1,2.3684401881665074
362,32.54902406174455,0,0.3230714240428235
363,-73.64334430940146,0,-0.7311252565445618
364,-84.75704542145954,0,-0.8458984794315297
365,-41.06345765851706,0,-0.4068070319403016
366,-27.500622481264216,0,-0.2686732926949301
367,-102.8530552932589,1,-1.06239776717665
368,175.64777223458924,1,1.7129939388588606
369,-238.84405298691664,0,-2.3898223931692333
370,119.19815484207135,0,1.1902046504348396
371,50.020432660059804,1,0.4833666682618127
372,45.5218144005848,0,0.44589011420348823
373,109.3774329427846,0,1.090494783394622
374,-77.01798911062514,1,-0.795297042677947
375,-65.06690954629836,1,-0.6872511471277396
376,-83.58280143944565,1,-0.8755127245617794
377,-206.90537568492078,1,-2.1038922961771203
378,-32.16819975858417,1,-0.33994938099397987
379,-55.32729714392907,0,-0.5559776530025627
380,31.019519126292625,1,0.2834517421962598
381,-6.575991405635457,0,-0.07086064156529621
382,-204.88298890267504,1,-2.086620866552838
383,213.16982557874874,0,2.129309637941614
384,-170.65598489920262,0,-1.7035572281264764
385,-27.74310123277828,0,-0.2586881247315133
386,-119.90763809719847,1,-1.2184002277640227
387,-39.405602098374544,1,-0.421980302787673
388,39.36386350563391,1,0.34429643168218893
389,72.11272008337326,0,0.7244857875752886
390,-0.1722674970728233,0,0.015500875756097376
391,4.376216260979045,1,0.01594964692913588
392,-104.1234404181536,1,-1.0806779642038737
393,150.14399464635326,0,1.497301283135859
394,-65.45358364031864,1,-0.6778670417761433
395,-55.957434589327114,1,-0.5878920535665848
396,-98.56909653948145,1,-1.0061061431056246
397,103.89718122422069,1,1.0316443073792765
398,-99.9316074386488,1,-1.0196168934228316
399,36.27489610679224,0,0.3495487797651359
400,132.03989433303022,0,1.3230552671882871
401,19.4767116826051,1,0.16302791709423348
402,-40.91724308616632,0,-0.39122510060997995
403,-70.99756717804512,0,-0.7111187270577507
404,-148.92243357198262,1,-1.5330469358525778
405,-105.35398081912548,0,-1.054483809872701
406,-88.76120293453087,1,-0.9280317298239922
407,-132.01955270750528,1,-1.3549137456415459
408,-77.56189505036969,1,-0.7885320637233139
409,-8.97626274571051,1,-0.10825262059959784
410,85.24274854542232,0,0.8396127447962635
411,-65.26309526787239,0,-0.6441373550689874
412,-56.82765029886194,0,-0.5706777024724818
413,-49.54589422152197,1,-0.5015439398330002
414,141.25060547578633,0,1.4146463557870308
415,-147.8837517049654,1,-1.4950896940042686
416,-98.33670117543426,1,-1.006787816560716
417,-38.387013927980234,0,-0.38204021936594057
418,-64.82394551447342,0,-0.6381291643359586
419,-35.63640204402682,1,-0.3816802629467125
420,-7.274160913771305,1,-0.10874761507769093
421,-14.4442601719733,0,-0.13861776872698045
422,-22.858158777879815,0,-0.25303334922358733
423,1.9348653117937222,0,0.034195544457565695
424,-43.68219222351764,0,-0.439216401550011
425,-163.7462617705244,0,-1.6448108619375443
426,148.2560705501717,0,1.4878210520840862
427,-41.16400206480827,0,-0.41095092894870205
428,-25.607620965507873,1,-0.2974800660349438
429,32.77317151824944,1,0.29980911844990477
430,-122.0496183187101,0,-1.210242455484141
431,14.011911256270956,0,0.145087718624373
432,25.83575420845048,1,0.22302904516897648
433,18.75779121454911,0,0.17684993555675402
434,75.07582569777719,0,0.7566079257794561
435,-11.660147555318103,1,-0.136632089748628
436,-7.919399043787277,0,-0.08111205611784877
437,155.8706983532098,0,1.5749502832190607
438,-174.39879567959304,0,-1.7490520515650336
439,181.30621198457195,1,1.791872712363249
440,94.09152251963496,1,0.928235664618618
441,-130.03986827538154,0,-1.2947697530773488
442,-10.081350335116367,1,-0.10288041493625473
443,-64.99002530989901,1,-0.6667689659826769
444,10.239499158021172,0,0.09929709937194603
445,45.18606437929953,1,0.4246772605853911
446,39.636212085109264,1,0.37467599719669475
447,-155.52978692138146,0,-1.5617081807009985
448,-234.09232072368354,1,-2.372199392270218
449,27.506902084832316,0,0.3012445682632776
450,33.17285198165338,1,0.28971602755349435
451,57.26942576348144,1,0.5536195973721557
452,-7.4487462786751015,0,-0.08553395956087552
453,11.962427500795304,0,0.1239191410120616
454,-146.7683990709616,0,-1.4800633261416594
455,59.74354095834797,1,0.5718966878891695
456,94.6091921294727,1,0.9142257275676331
457,-9.516422505857495,1,-0.13336689284682118
458,80.61730171300323,0,0.8328221513400913
459,91.71721670773043,1,0.8865038464245466
460,115.26348295857701,0,1.129825005700571
461,-49.205103141826314,0,-0.49714010819176013
462,-86.34284156006284,0,-0.8679037531683768
463,-29.068384706557566,0,-0.30010462827012985
464,-127.52896541718367,1,-1.3099860583275003
465,91.85166613477448,1,0.8994319445242424
466,178.52042872453083,0,1.780440735548534
467,-316.48538582372663,0,-3.159331146099103
468,121.00101743214924,1,1.1747465020855692
469,-41.53607514113471,1,-0.44668350766640086
470,-53.88091848462056,1,-0.5711168640749004
471,-25.70824779163864,1,-0.2970315327375658
472,-107.7797495916883,1,-1.1090372748407362
473,38.825039427213135,1,0.3523812215059847
474,83.94867861075139,1,0.7938506224857544
475,-62.451230423386036,0,-0.6224853572036906
476,-49.42150169067529,1,-0.5341406558859436
477,118.57070389398486,0,1.1835780341502713
478,-68.92672340645352,1,-0.7034371606370191
479,85.41463459808277,0,0.814862247840811
480,28.69593022678629,0,0.27725311220250726
481,-121.22471189423469,1,-1.2589222924844279
482,38.1712944318016,0,0.3873871924646045
483,-114.66876475083131,1,-1.1837450774821594
484,-88.68267636332779,0,-0.8760156540458806
485,7.500580601916315,1,0.05185729122451309
486,82.37789509190485,1,0.800244846084071
487,37.45656974211189,0,0.38934026860329635
488,144.16815284012839,1,1.4266398635569535
489,75.68607331615293,1,0.7473250639313054
490,-10.920716501396722,0,-0.1197347631923011
491,19.887395418639404,1,0.15629245234863542
492,5.537500419912599,0,0.073052785378605
493,-63.250888026475806,1,-0.6523362859394138
494,14.628247917341788,1,0.12778956482232534
495,-74.06886711863953,1,-0.7802457191247203
496,-9.451761098137457,1,-0.11432989945219178
497,24.759595658610042,1,0.21550291415134276
498,204.69978266319046,1,2.0329427951540073
499,94.32716691843686,1,0.9081266572853495
500,-26.266715660762703,1,-0.2921062611428237
501,79.07578337520549,1,0.7570033123482849
502,33.94022521799079,0,0.3264719488886469
503,17.264924949679447,0,0.18413291880622493
504,19.996882413484997,1,0.15379062674972596
505,-1.0035124420099355,0,-0.013495921348422153
506,-352.30958937122057,0,-3.521099126580196
507,30.40365669029095,1,0.2614720540361163
508,-73.02558832126996,1,-0.7603882954016922
509,30.054380208834623,1,0.2950194356776865
510,90.65630208175601,0,0.9124236227165949
511,94.06812597353424,1,0.9322743149765575
512,-19.09906134075365,0,-0.1857843288465442
513,64.18684690178817,0,0.6419372480512714
514,166.6243697136532,1,1.6394665747807151
515,-118.02786485510559,1,-1.206267248308197
516,-229.6726973595866,1,-2.3169054995710363
517,-242.8591604233119,0,-2.423953317408021
518,-282.3408547013301,1,-2.854552308434582
519,94.32936688919034,0,0.9579587278668062
520,18.980954026889574,1,0.15312510898757822
521,-109.82706937000167,1,-1.1439763626536563
522,-43.382258599599076,1,-0.45506523213438027
523,-98.53954410826216,0,-0.9846154392618641
524,101.09408821032883,0,1.0013121450178197
525,140.0794710998363,0,1.3984880520565848
526,40.41060415925228,0,0.40834115136901006
527,121.50266332024651,0,1.2022406489699435
528,-11.74606970638139,1,-0.15261462344997262
529,-14.710007617080818,0,-0.13875544873529613
530,-78.79245093218333,1,-0.8053449761276802
531,-167.30393321002344,1,-1.7146468175049219
532,-5.208415397906194,0,-0.06135763893054346
533,-263.22365908919824,1,-2.652906703819569
534,69.942563035617,0,0.7151893725216891
535,21.79715496318671,0,0.21929708181133908
536,34.56411493454536,0,0.35309001760416864
537,-46.14670856746873,0,-0.48019046862294046
538,-21.20701139561087,0,-0.21262714260587537
539,-61.98251735955699,1,-0.6620556731726623
540,-79.84193244886198,1,-0.8437424252908639
541,-11.251909687666648,0,-0.12234006167147436
542,-137.2737171326805,1,-1.4198481591024363
543,65.71859094203938,0,0.6457757981147128
544,-98.86562708888727,1,-1.019685857350112
545,-2.291951813516944,0,-0.024713021797785627
546,166.76383106496513,0,1.662541833550486
547,43.709637427699946,0,0.44258468469030826
548,76.28320711689052,1,0.7272043393610776
549,-1.2744712513818188,1,-0.055065756395504976
550,28.84756194567064,0,0.2733451935280456
551,86.47560043409612,1,0.8423382895700646
552,-0.7011079836966043,0,-0.01101946099106493
553,20.284112455533513,0,0.18759121592493389
554,-26.45105817796957,1,-0.283144768176241
555,-65.47511065651938,1,-0.6882013702568381
556,-137.6478875862403,1,-1.391817327282431
557,-115.90273695688416,0,-1.1595683904267124
558,-251.18717997924324,0,-2.492157665561627
559,88.21177201037636,1,0.8725022256389031
560,58.60064321622315,0,0.5814342583518566
561,206.90927724706032,0,2.088477705008735
562,-154.51833256499378,1,-1.5677573045156283
563,76.80033520365185,0,0.7496672892492018
564,205.23646508147206,1,2.0278900289001895
565,-70.51139482585634,0,-0.7150604486600469
566,-102.67781518960189,1,-1.0440208665491066
567,20.70640611019111,1,0.16834583344179974
568,-73.66598909602355,0,-0.7242213820195817
569,182.96225077637135,0,1.846792547070056
570,-139.86767161320805,0,-1.4051044111196995
571,26.880425444934076,0,0.27154980788602945
572,3.809549618149493,1,-0.0012853992808652239
573,-287.73356544717393,0,-2.866561805792244
574,-88.12348581707938,0,-0.8725912098169728
575,7.777354065387743,1,0.040201253846405105
576,146.75957393783594,0,1.4526371817480315
577,31.5001458358473,0,0.31201709589328236
578,141.90794166047678,0,1.4150180671160912
579,92.20086514293564,1,0.890359950375435
580,1.618172620069742,0,0.007894824727457636
581,-56.96828477180015,1,-0.6086895879928779
582,-14.998770997291704,1,-0.18644182831556155
583,45.95664420382792,1,0.412140669245763
584,-115.1445401264529,0,-1.1646447997716365
585,2.1293421370801577,0,0.020125954357662724
586,200.24558309993807,1,1.9786837280451364
587,116.5912192162813,0,1.1671323740585033
588,-58.23342301328999,1,-0.6143943525398341
589,113.77284521024536,1,1.1056233441517114
590,-98.71886960586622,1,-1.0113824702385825
591,106.42785306389152,1,1.0349282789703749
592,167.12095618203062,1,1.6434580053251084
593,46.99314677463302,0,0.4613715957384635
594,96.1964958894631,1,0.9256675899217246
595,-150.90032630123852,0,-1.5016162352364997
596,-126.04139017102818,0,-1.2585974369803752
597,-116.51705259667537,1,-1.1871126789237145
598,207.39556073902315,1,2.0395607670125897
599,-13.041333398153782,0,-0.11688312515389844
600,-16.060362997655332,0,-0.17548617848470907
601,-89.7868861410995,0,-0.8996767097666366
602,-22.954961172027474,0,-0.22700874893306386
603,90.12033273616454,1,0.8793191649987553
604,-23.401469075156303,1,-0.25753350989744506
605,181.3399635270049,1,1.7934828679119994
606,-65.24356846159583,1,-0.6874544040215832
607,16.30820590960703,1,0.12201185297356476
608,-132.77356304195825,0,-1.3425413525339434
609,23.97377437945645,0,0.2489341195497951
610,-24.142172144095497,0,-0.2502320471918519
611,72.1936525911262,1,0.6840637810116589
612,-24.630155298666956,1,-0.2768208252668676
613,-72.44173262852321,0,-0.7122770387057759
614,-193.9090838138901,1,-1.9652279052378712
615,66.13784266221975,0,0.6703526211942646
616,-192.8118473264668,1,-1.958299160293883
617,-159.29903820158398,0,-1.5985210488479498
618,-15.609573151459788,0,-0.15295637690128053
619,-9.00072025148588,0,-0.0953106462235273
620,19.880153491593568,1,0.16171450028168444
621,1.9438881937256125,1,-0.005886109919452763
622,66.34533783551494,0,0.6739461738000353
623,4.776545108494961,0,0.05890018130333538
624,112.53002946858027,0,1.12153214527851
625,-104.81028718116963,0,-1.053676258243435
626,166.40134111252092,1,1.6292445833345512
627,28.636794818411747,0,0.28385759888973267
628,44.44099861144997,0,0.4529675420719258
629,51.92604583994374,0,0.5144059213915524
630,56.25666239574444,1,0.5375319620894944
631,11.012669442599364,1,0.08448933310622783
632,-77.67217883168351,0,-0.7749180363063941
633,-87.05343693336684,0,-0.8683960311415522
634,82.38810402826347,1,0.7913162260351356
635,-22.812516971769533,0,-0.2441569921815901
636,-52.5271738758092,1,-0.5520676436357244
637,-122.52163771433399,1,-1.246378113288369
638,16.67916320292205,0,0.16349496015120765
639,-122.52820862763942,0,-1.2191417758155887
640,-26.124391904798525,1,-0.29243005177510784
641,22.883509746431752,0,0.23494007757062008
642,-123.94156475594708,0,-1.22664833101047
643,-7.306576874922806,0,-0.06668154252436667
644,-193.58830459611758,1,-1.9756890397996423
645,-46.38941592007494,1,-0.4850708120896337
646,-71.27800210588248,1,-0.7464247661473986
647,-9.2942687156015,0,-0.07402577947919277
648,-34.70485076254857,0,-0.3413212254770903
649,25.3251657870439,1,0.2297804579306344
650,47.2811114687578,1,0.4457317708873951
651,-72.79279770169195,1,-0.7488086897769041
652,22.575403711860996,1,0.1934901924327403
653,190.43115057731586,0,1.9156853452710472
654,-79.12313099967689,1,-0.8159752361572221
655,22.40722607261706,1,0.18968295066722665
656,126.62275047132889,1,1.228760116943078
657,-85.44296864350083,0,-0.8502073583576354
658,-120.77102440147002,0,-1.196271555976106
659,22.38294884871892,1,0.191893152170598
660,-43.570389677540426,0,-0.45834533122348464
661,52.3769459840793,1,0.4951419297992937
662,-207.63142957604217,0,-2.0866408727916723
663,-8.011670308175997,1,-0.11487481757220849
664,-33.55907969218939,0,-0.3246109189380071
665,-111.29397268819005,1,-1.1426508018973218
666,-190.5525452419954,1,-1.9160146360664374
667,-50.416482552445,0,-0.5035707277851106
668,-66.68535961915764,1,-0.6802634766056402
669,-178.58138311239148,1,-1.809272954713184
670,-6.881143337373526,0,-0.05923335722292867
671,99.27584701843213,1,0.9633475780626987
672,60.911821513834816,1,0.5889998759252933
673,135.2919331393385,0,1.3437459017816078
674,43.4538227496401,0,0.4374458654771678
675,-55.595156291987784,0,-0.5550998996437737
676,95.22883994906829,1,0.9152132281094176
677,-62.75962692255985,0,-0.6206369840683608
678,-26.589279035811373,0,-0.2700368604520344
679,26.3550652975472,0,0.24005665868396694
680,-46.739894165057365,1,-0.4977291280736753
681,-1.3976641323743209,0,-0.016069079025018446
682,-113.06712774851451,1,-1.1627257884300992
683,-166.51526309542862,1,-1.686252771430533
684,116.94473027874912,1,1.1361748622843704
685,145.66858799275553,0,1.4557822116587293
686,56.57873521016423,1,0.5299424918449235
687,60.069618984654845,0,0.5939179817367861
688,53.477743018095715,1,0.5200273458012453
689,-35.86437192351182,1,-0.3861333957637898
690,172.47064609026975,1,1.7096118700822147
691,-168.49180657851034,0,-1.6905434362651721
692,-41.553078492514004,1,-0.4335711382107089
693,23.40287808300864,0,0.2457770938497431
694,-1.1795952948133133,1,-0.030542240445906973
695,189.80251478489103,1,1.8653310259951092
696,168.2374429109052,1,1.6690133261587303
697,61.604262164810144,1,0.6068608601864287
698,-5.331013763831636,1,-0.09294901542707135
699,-95.88850472352419,1,-0.9843813475120025
700,-16.793745778767533,1,-0.2009857469371673
701,83.01186354094675,1,0.8009592737693361
702,-188.06576748140742,1,-1.91997262198027
703,-71.70091881402237,1,-0.7244245982912108
704,-75.81661288653756,1,-0.7827195865503014
705,-114.80084518508183,1,-1.1960121979385372
706,-75.18035794787816,0,-0.7443913099142685
707,-16.56566517153432,1,-0.1992538348726705
708,-81.43342774595071,1,-0.8458073534824224
709,-50.52811162076877,1,-0.5153561981625825
710,-245.8275901619518,0,-2.448193859930487
711,58.6820260686573,1,0.5638655301444468
712,114.21287828812676,0,1.1368123283187008
713,-2.334143199681295,1,-0.05909739052028062
714,-8.792802115274819,0,-0.09440321174273582
715,26.999498728011037,1,0.2393208408679774
716,137.70009539259343,0,1.3843206759431652
717,-49.28742598543158,0,-0.481641597548444
718,-28.847675771960816,0,-0.2873938213287533
719,192.16453807913584,1,1.8876834233974702
720,24.84562248726762,1,0.2324983373668458
721,-187.46754922039693,0,-1.8691024082394536
722,-156.86673471308376,1,-1.593315641716134
723,-95.42629025757839,1,-0.9875359399385957
724,84.09845203378997,0,0.8403595038900439
725,-65.79811379589857,0,-0.669947825064319
726,13.850591057334519,1,0.1242869842257473
727,1.161376338502432,1,-0.027585175187261803
728,-35.51717718026185,0,-0.34241935947699026
729,109.25202372823588,1,1.0708369861872284
730,125.4929263340298,1,1.2202213155244555
731,-80.3501528186967,1,-0.8324130181995787
732,-49.75793446878873,0,-0.49003818774025665
733,186.61242804520333,0,1.8731323617254634
734,133.36534002044036,0,1.3489393139411088
735,6.4829359503213135,1,0.023599182954978898
736,79.63577039121127,1,0.7705822763762308
737,-52.433658426757425,1,-0.5515814317019128
738,41.31440070320021,1,0.3925306152126858
739,-72.19468246547675,0,-0.6887276101966217
740,-11.694008732338649,1,-0.13907577558134415
741,-55.84278163376311,1,-0.5994465771874956
742,35.857509341659004,0,0.3521367820853119
743,114.21763194199505,0,1.140059349454157
744,94.19794558176348,0,0.945193610249794
745,135.80034978626398,0,1.3536680552191396
746,-24.720284713362304,0,-0.2652508810696713
747,318.5094840682049,0,3.1885611105806837
748,-16.2696037486956,0,-0.16542900986546505
749,43.365287100368285,1,0.4003864820964615
750,-169.5320253131213,0,-1.6982552760196712
751,103.10792755751397,1,1.0104228705554201
752,58.03716606090185,1,0.5414240490903759
753,-132.97139024020288,1,-1.3563137126428033
754,-164.2894720326217,1,-1.6522944243533533
755,27.249167927852657,1,0.24400575731740504
756,2.383462213436812,0,0.02454116521025729
757,147.2202127940508,1,1.434012219498973
758,-67.33434139504045,0,-0.6708353884661507
759,-61.65519919645751,0,-0.6226657854154514
760,-47.885585272568264,0,-0.49581386267724487
761,-121.38670131296944,1,-1.2403127686259674
762,-207.38829836885364,0,-2.087010977167591
763,-81.30009283647995,0,-0.8084551902720352
764,-97.34005343502146,0,-0.9861648086371079
765,58.435879890253155,0,0.5911914346516904
766,83.22388224100946,1,0.7929257286567711
767,181.40544714850733,1,1.7775374276199147
768,-13.791512730034343,1,-0.1692690781105934
769,-128.09611766929342,1,-1.298796068059663
770,-8.469253410758762,0,-0.09565807044392549
771,-78.52454925694298,1,-0.8271650042051505
772,13.923420043128765,1,0.1149391426069596
773,-149.91205699840887,1,-1.5350873697379839
774,98.26937772746106,0,0.9991913581728867
775,-283.8012212030413,1,-2.84236462331097
776,24.65775556398308,0,0.2618772805334464
777,1.902997940261153,1,-0.01224118362766021
778,-88.4205499385441,0,-0.9106531825832399
779,66.33018658696362,0,0.6623161075978383
780,13.2147974573729,0,0.1250124376836801
781,135.61431289402532,1,1.3407176501853402
782,45.285423780666946,1,0.4209333085090061
783,0.6692572264815425,1,-0.030822933265907824
784,59.98452006158278,0,0.6027380923909851
785,33.74019410060827,0,0.32165839360444487
786,-77.54515519762097,1,-0.7767201532767245
787,50.47862998735587,1,0.4742881516843928
788,242.98718134942837,0,2.432669242552634
789,61.08572604887192,0,0.6106339869764964
790,-3.913411526964909,1,-0.06249011084310465
791,177.98431832616734,0,1.7754497841486099
792,-5.685506379346464,0,-0.06422053680957378
793,13.816477114496651,1,0.11939368511319869
794,-18.768714052995712,1,-0.21919709401088033
795,-69.39542302290009,1,-0.7233956765377066
796,1.8102284003214966,1,-0.0065630582914698535
797,34.98763585618941,0,0.3486388302379592
798,87.00732643372424,1,0.8485789784588322
799,-39.69491924815956,0,-0.4037014048512992
800,-22.34184925076624,0,-0.21855050299812082
801,133.5339001372333,0,1.3316450761717706
802,176.96519818702907,1,1.7396820650243485
803,101.27852206246524,1,0.9823447078858932
804,91.61532924502389,0,0.9169375625436456
805,29.955824438734503,0,0.3023963340386129
806,197.50242306290843,1,1.9362143694928176
807,44.22091846327777,1,0.3987976135691177
808,-8.620928336287445,1,-0.11802303088354081
809,-125.63569708270597,1,-1.295074861651329
810,-0.8869990514690517,0,-0.006113065197272552
811,125.00618181715548,0,1.2534064336792035
812,99.61102540582458,0,1.0089084341897692
813,-112.1272667116553,0,-1.1307924083237917
814,59.50115063160918,1,0.560506811760584
815,67.72111932182065,0,0.6774727459450279
816,-70.68242270601135,1,-0.7153689096467598
817,-17.041690280959685,1,-0.2021737741457195
818,59.00702132740421,1,0.5755528674079442
819,-202.3504431163,1,-2.053057319934458
820,-153.0598343339571,0,-1.5344033559002386
821,-71.8200993691753,0,-0.724158321786581
822,-23.376184955154663,1,-0.27448623902093305
823,53.80178576957747,0,0.538751002134348
824,122.13415849956492,1,1.1924317853626387
825,51.03702626800675,1,0.47687204451917486
826,-135.0437372080408,0,-1.3506101818312997
827,51.54205799449186,1,0.4872006203333305
828,202.07958754957772,0,2.02853276359818
829,-61.74862765967489,1,-0.6400409340946348
830,2.4216156900319747,1,0.01115046042696106
831,-0.08118226408679063,1,-0.02952065557529097
832,-84.04475600019376,0,-0.8438741882169588
833,-192.11919955158615,1,-1.9555268891043927
834,-58.757552305839496,1,-0.6149305348354327
835,8.376205184883695,0,0.08597864736515275
836,-83.7099212740209,0,-0.8510378319809416
837,-137.73756254617888,1,-1.4051381116137605
838,52.34129334323374,1,0.5047546604439975
839,-61.206123760723635,0,-0.6094507184966396
840,-17.008597336812024,1,-0.19636402637319908
841,61.51963576186298,0,0.6275690707414364
842,-212.31000847117954,1,-2.15684954524821
843,-20.395668193769467,1,-0.23524552044416525
844,-187.69733018334466,1,-1.8947246309353343
845,-9.552580129696656,1,-0.11419723679153879
846,-102.61125342027016,0,-1.023736949333681
847,13.785040861871742,0,0.15438433827045409
848,12.056066443880066,1,0.09411776828300436
849,-8.440895294421958,0,-0.094131823301739
850,63.43498203858264,0,0.6351041680702968
851,122.96106119524997,0,1.232203685734044
852,-7.464485015848313,0,-0.07451408486690358
853,124.7256945708558,1,1.2041519769601001
854,134.48759905307497,0,1.360210343851525
855,73.02757904495262,0,0.7319766159645164
856,60.065735204901685,0,0.5784550100386131
857,89.8306262449819,1,0.8779322817995473
858,44.053899373357524,0,0.4499061046451768
859,-163.67761110204611,1,-1.651261305456111
860,-26.45136064423315,1,-0.28791973380016916
861,37.06708505181268,1,0.3328946916239016
862,21.85871070397141,1,0.18236307569991186
863,19.613031006412072,0,0.1785373732438037
864,114.65551793705379,0,1.1372643193089231
865,-228.06347967555013,1,-2.308702037039188
866,194.44506687294208,0,1.9469453636354712
867,127.9746208371917,0,1.2735777714192367
868,-134.3836474738903,1,-1.379119966267321
869,14.77468601330254,0,0.14122984107966555
870,119.30736649654088,0,1.1824637427731584
871,-71.69229682067802,0,-0.7120117464383241
872,-118.52582308445328,1,-1.2206156577870697
873,1.9893731303011597,0,0.010181536970390813
874,-83.15559612943264,0,-0.8224775538282183
875,64.07266982427974,1,0.6021625566231096
876,-12.894931147469737,0,-0.1258559466543285
877,-105.17632785181594,1,-1.087463022245097
878,19.34399343006526,1,0.17578953852298507
879,124.46925329354782,1,1.185549167874773
880,8.127688036050246,1,0.06185608399361429
881,-48.0313349153661,0,-0.4770027128913063
882,59.904830901526445,0,0.6064917935653162
883,-147.01327543778834,1,-1.5032032452590152
884,222.50446717159218,1,2.195232555892358
885,-43.52900750327335,1,-0.44101892860827285
886,109.74154688276244,1,1.0625376976951462
887,-229.25784195852057,0,-2.296167477142451
888,-35.67507930070219,1,-0.3928917821018186
889,-36.709188718784475,0,-0.3716583551032842
890,-222.5046352087002,0,-2.226884346615732
891,-2.1306609916016144,1,-0.04174401093499203
892,-43.179854310495614,0,-0.4433570005615306
893,-43.60047423719539,0,-0.4466900008092044
894,-66.96537261161797,0,-0.6720733933153233
895,-14.504258003758482,1,-0.1909920466356316
896,-43.56764171837669,1,-0.4714015746230885
897,-6.565399973225973,0,-0.060858324060516986
898,136.8359724801268,0,1.3651210049785922
899,159.184128167741,0,1.5946045469033805
900,127.24754495111462,1,1.2381295339140113
901,152.5513699016111,1,1.492853746517452
902,74.69752306150257,1,0.7021794777004531
903,-120.82591377834345,0,-1.1980569040582711
904,22.547806788741443,0,0.22454522022502904
905,-112.41732217283153,0,-1.1319041264984646
906,106.99870141538389,0,1.0577441940381151
907,311.55502585596537,1,3.090033595981155
908,100.04269813373496,1,0.9778962859117506
909,-131.2310724788913,1,-1.3510933627353126
910,-10.405530379425702,1,-0.1441525751079372
911,-59.212915348143504,1,-0.6133986528225025
912,14.714801450922327,1,0.11545084247895221
913,-83.67462655862826,0,-0.8363610733139445
914,-63.54560529034839,0,-0.6576626696405112
915,7.121809038148188,0,0.06379600733045959
916,-96.8094177954124,0,-0.9767293404706768
917,47.38547685496751,0,0.46366722203063554
918,-82.98620718856029,1,-0.8595818194793086
919,-193.66156119597892,0,-1.9399974442303805
920,52.719413086753484,0,0.5327199969726562
921,105.41087110891286,0,1.0454582849531795
922,31.267864897936576,0,0.34092845030878577
923,137.07441804812152,1,1.3300325788318448
924,-25.372840417375492,1,-0.27012405345032153
925,9.11555504035847,0,0.09546109176966383
926,52.57175042033147,0,0.5201608732380889
927,-201.77605063022594,1,-2.0461178408700755
928,111.19709413911373,1,1.0789367659874252
929,95.53441915719688,1,0.9336905766108423
930,93.19955295305535,1,0.9132360013223069
931,136.29321283360267,0,1.3392601838557099
932,121.03352283069668,1,1.192070525629203
933,-192.0195433975899,1,-1.9449827085664184
934,-73.72947286094669,0,-0.7387638704510019
935,-50.508816036479644,1,-0.558514081195023
936,-95.7532963307716,0,-0.9716195631089142
937,193.8994020751393,0,1.9263412761343937
938,112.1734568018606,1,1.0827010882839154
939,29.55531373420273,0,0.29973914313373035
940,-46.738099646054046,0,-0.4736255386805883
941,-12.846444814042854,0,-0.14610310581644095
942,1.336650006225899,1,-0.009301843223232657
943,-94.11420158993117,1,-0.967587214105851
944,-178.29312035843265,0,-1.7761336215076016
945,-42.26464871903531,1,-0.4573442788299439
946,-89.38374272729499,1,-0.9138937076825921
947,-156.56512319192038,0,-1.5564382187292056
948,-40.13623108204181,0,-0.4125238576252592
949,-83.68573167660414,1,-0.8468408954471351
950,-116.51655523520039,0,-1.1607700384201087
951,19.963941808267982,1,0.16345613884989482
952,-65.4785452017217,1,-0.6800617935467022
953,-129.0913637228891,0,-1.3175729313431876
954,-50.1793338516765,0,-0.5051075667772851
955,-32.268601868901655,1,-0.3600053024556431
956,4.71112036860908,1,0.020114434852348193
957,46.0406923974853,0,0.4627674350622414
958,11.226432766389298,1,0.06149774941248657
959,-14.095274737836718,0,-0.1307416830809662
960,-47.93267065094715,1,-0.5041738537846137
961,-58.10814017082921,0,-0.5631360488469181
962,-206.3811450681001,1,-2.095896523866856
963,11.628841043941991,0,0.1505405552262105
964,12.167266676468524,0,0.11722494524197664
965,-35.562547818674446,1,-0.3635481260973304
966,53.58584244796532,0,0.5634921727587382
967,167.3460624957684,0,1.677076216757785
968,16.700382715038472,0,0.161644637756605
969,8.46599069319347,0,0.07987248653059963
970,-54.16871589415767,0,-0.5565691345609678
971,89.94458864731044,0,0.8988826210322898
972,71.94637037131162,0,0.7079409211197287
973,-68.34723140376362,0,-0.6830151940713536
974,89.69479658845573,1,0.8678729744569185
975,7.06076244472903,0,0.06717720509454542
976,-105.53541161298804,1,-1.1002484625001403
977,4.019387126874507,1,0.009420246447432628
978,-15.572593309172628,0,-0.15241474302575428
979,19.371747138686754,0,0.18620185922271545
980,-244.93263543635427,0,-2.4389162340633566
981,-80.67554413896266,0,-0.7990877312749483
982,38.85374863164617,1,0.36806715491196623
983,-81.2453604616711,1,-0.83807501993677
984,-87.72364433122542,1,-0.9184014042449165
985,-58.465232467186965,0,-0.5637221896470473
986,72.06299476318155,1,0.6969947675581707
987,101.33314038085302,1,0.9909003997944976
988,-7.040046598183679,0,-0.08214792451107787
989,59.38711742066718,1,0.5535330406907528
990,13.657022297371753,1,0.10357424957988368
991,73.1868675865171,1,0.6982738587515881
992,65.44091352057349,0,0.6559840464682826
993,165.22938893049638,1,1.627943067216737
994,-136.11243723120336,1,-1.3891818036330097
995,12.40816299049471,1,0.08582528219286921
996,75.95006178095825,0,0.7818749239021496
997,171.76578720799768,0,1.7067602901638605
998,-136.3453510136893,0,-1.363297589553424
999,53.094507022333005,1,0.5055795761467204
1000,-120.47282812913518,0,-1.197697517174223
1001,153.9907392555092,1,1.5053252544761013
1002,28.245642789869574,1,0.25065949561146034
1003,-29.29945682133612,0,-0.2930722135205064
1004,31.1092050899131,0,0.2888904604846019
1005,53.067078570380545,0,0.5404278265766748
1006,15.088129009690936,0,0.12330405285048378
1007,-9.217011285842698,0,-0.08228085329114296
1008,-265.37422898961046,0,-2.6583608495092403
1009,-153.55617801392611,1,-1.5672674359690815
1010,-67.54702556543826,0,-0.6701814309043166
1011,-99.52256283512057,1,-1.0177221557344382
1012,225.20625065049865,0,2.2350372608458016
1013,-98.5088720483777,0,-0.9714321332885645
1014,97.78957251617472,1,0.9735969134552195
1015,-18.172249871165533,0,-0.18682860465812579
1016,168.7770423203588,1,1.6759962869296854
1017,-226.76499010115083,1,-2.309792265762358
1018,98.48456083453462,0,0.9832005639078285
1019,-12.476877371629508,0,-0.11481631171979412
1020,-127.80295231634084,0,-1.2895229711210232
1021,-58.32712680082883,0,-0.5783163196879736
1022,148.0109371729825,1,1.4488311180827427
1023,136.8692192579315,0,1.364835367887674
1024,-19.239602457148617,0,-0.18939950471696615
1025,-263.24086422817123,1,-2.660706958000125
1026,-37.34940922964431,1,-0.4010779092459905
1027,-34.870616167478865,0,-0.3581243512018811
1028,54.824233680684216,0,0.5306247447331298
1029,-96.2208937039588,0,-0.9528812019873111
1030,-59.1692249869337,1,-0.6232638110686107
1031,103.96799486116383,1,1.0058143980712941
1032,36.78310903794593,1,0.3374548198265607
1033,-29.79853114019535,1,-0.33036468157819354
1034,12.029472072062688,0,0.1076453322994704
1035,43.95876963386125,1,0.42388328348256943
1036,11.512791700277559,1,0.09664467761074629
1037,131.25070236502958,0,1.316622435707437
1038,129.47070921153986,0,1.2806070337819517
1039,-50.415044794318035,0,-0.5009192178415836
1040,-8.230680599997841,0,-0.08259628106951987
1041,-149.44166445590628,1,-1.507963179118034
1042,26.920719819653577,0,0.26057704779628205
1043,104.35507172742096,0,1.0453627552107823
1044,-195.5548898854246,1,-1.9858367028835495
1045,-261.989375157102,1,-2.6508525390970465
1046,56.36782085412026,0,0.560382408675473
1047,-92.01495225510374,1,-0.9559330374063013
1048,9.202906403766344,0,0.09144561663103347
1049,139.92782905205263,1,1.3831629952178506
1050,-67.51396831337006,1,-0.7001659513089091
1051,-93.19869985442783,0,-0.9461695186365087
1052,66.73865369994778,1,0.628390595451868
1053,59.53849085244502,0,0.5778423957970451
1054,-85.31570252400384,1,-0.8693760642222944
1055,-152.4717583687877,0,-1.531131058533779
1056,248.9670701399486,0,2.4814273691760347
1057,174.74122073570544,1,1.7085140242302725
1058,-6.713502574331747,1,-0.06974308525040443
1059,240.55437158507894,1,2.3640061780495234
1060,141.5934038406134,1,1.40198442206476
1061,95.47849127024574,0,0.9781580488215844
1062,-1.9709566349559577,0,-0.011821142894496688
1063,-22.529550416046906,0,-0.22200638043045318
1064,177.29390644802444,1,1.7365742694832054
1065,-39.7335830296516,1,-0.43638580993537585
1066,24.57342385976386,0,0.2305449730538032
1067,183.78319802449357,0,1.8287587968165007
1068,-151.2996552389229,1,-1.5388324867885368
1069,50.647358410060455,0,0.5026130109769869
1070,186.09289986208321,0,1.848262367772283
1071,-175.1739797748848,1,-1.7943868938847838
1072,64.97727784313932,0,0.6576250824145423
1073,-90.70570388871313,0,-0.9127889090104968
1074,-40.798917150555056,0,-0.4194148673515192
1075,97.19331699048895,1,0.9443687462011169
1076,41.77954310528938,0,0.4057901025319174
1077,-28.83474961521644,0,-0.27163820015154566
1078,-8.216711523409327,0,-0.08313168927746445
1079,152.3850531694214,1,1.4841843946796374
1080,222.90025408941696,0,2.2198812937213184
1081,-195.00490599744572,1,-1.992287173410842
1082,-83.24970922845795,1,-0.8769903041414389
1083,109.3238075802265,0,1.0924307721799935
1084,-209.36400350964777,1,-2.105014185204432
1085,-69.91554296780801,1,-0.7399145046135702
1086,-45.72508795136708,1,-0.5095824669724975
1087,81.05823846066197,0,0.8003810887261501
1088,61.18503189932841,0,0.6180011140261661
1089,-61.713588775549844,1,-0.6513495694080729
1090,-4.889958794815095,0,-0.05010426097347417
1091,140.61593183468932,0,1.4045551110221761
1092,-94.83762433894046,1,-0.9831374964703088
1093,95.16773772037426,1,0.9135443905392875
1094,-109.4287322225871,0,-1.1007025409103617
1095,-183.07685404199162,1,-1.8654490996373612
1096,-59.98763736407079,1,-0.6181105882393296
1097,16.996124396584243,1,0.14464679616442958
1098,149.85516259372176,1,1.48505454323871
1099,21.881965296579448,0,0.21970862257551052
1100,30.481075592001176,0,0.3026230670323624
1101,87.97651780803257,1,0.8335552731809172
1102,154.2379744035538,1,1.5203851882036714
1103,-3.8906430567245414,0,-0.04630491522629973
1104,2.095263105138359,0,0.02111595680041634
1105,25.872886346602193,0,0.25336527002980175
1106,-106.82406641469323,0,-1.0841726063678374
1107,67.74181900469578,1,0.6517497453124809
1108,187.0012172986743,1,1.8557854799126916
1109,116.00947047152317,0,1.168706278591314
1110,-68.83552583826608,1,-0.7245179543421452
1111,77.49356147705363,0,0.780953798542918
1112,-173.71559762780723,1,-1.7757410121928117
1113,-118.95843575656437,0,-1.1918535578292062
1114,26.06370239486904,1,0.23780553992160613
1115,-71.4482396186083,1,-0.7329086708814126
1116,-71.60089081118755,0,-0.7378572007455365
1117,-87.40412547882379,1,-0.8968048300897622
1118,135.2981986460392,1,1.3205032834535102
1119,-35.61551017514907,1,-0.3885328538958799
1120,-1.256842488693545,1,-0.02791480705226704
1121,76.19411558400198,0,0.7564032264833113
1122,54.73549897648507,1,0.5043614914582576
1123,-123.63786826397464,1,-1.2645926821652855
1124,62.75804084150647,1,0.5943181543197321
1125,-189.9027201139205,0,-1.89936253876265
1126,59.75713111483875,0,0.5902960407811803
1127,43.868373923807866,1,0.40598663781723743
1128,121.08917938074913,0,1.2095497239742186
1129,19.795533335500522,0,0.2053683392431044
1130,-25.76223869475941,1,-0.2889741778085244
1131,74.13512031091483,1,0.6948546237049549
1132,-41.18929800400066,1,-0.4302992377569979
1133,277.5229838006264,0,2.783807501789223
1134,74.14902983856403,0,0.7457341149151924
1135,56.33241905881699,1,0.5276251045965878
1136,66.09798920448642,0,0.6692181627489534
1137,-49.8401290175582,1,-0.5122757207941276
1138,82.88174159236479,0,0.8205704721713175
1139,-29.533899186168675,0,-0.2979349302359231
1140,-42.75012683617427,1,-0.46028961166838017
1141,-39.708834964999156,0,-0.3995704713084762
1142,144.7717340724601,1,1.4209931242906864
1143,-122.41396385620807,0,-1.2142205548884777
1144,82.94114287324685,1,0.8056761130550214
1145,83.14641958579716,1,0.8129191381923762
1146,249.58111204599655,0,2.4991421141055175
1147,27.80341662143362,1,0.2544437841089429
1148,103.25414079108036,0,1.0305652288952476
1149,117.5117658187527,1,1.1502718828617147
1150,-78.21120001220226,0,-0.7955536401233132
1151,-133.1802888983459,0,-1.3289872527830568
1152,-121.78457512282765,1,-1.2639082909731774
1153,63.38011571642856,1,0.5936298585470264
1154,58.52109885134246,0,0.5867533382410404
1155,-41.798572551117,1,-0.43822501373267153
1156,29.0154677176731,1,0.26190470631163887
1157,21.885705073429445,1,0.191823998253042
1158,26.309935036588506,1,0.25568441559786376
1159,60.962730108623205,0,0.6205777600817313
1160,156.14224936416124,1,1.5252023929861187
1161,-16.08534699051642,0,-0.13972358328326184
1162,68.61110523211697,0,0.6955492183398919
1163,63.756329636767916,0,0.6334876513710299
1164,-98.4569980767955,1,-1.00837925944709
1165,-93.33063136842014,0,-0.9466082851384959
1166,-7.073478559085131,0,-0.08482459533221663
1167,-28.44602434643507,0,-0.2852562899739779
1168,-186.4050935260164,0,-1.880106003557193
1169,-57.01676071041608,1,-0.5936231065715047
1170,7.619108423139664,1,0.04556613820308757
1171,-50.83343579476634,1,-0.5444052013638259
1172,-28.55646501663747,0,-0.28127041918089907
1173,92.73645185333888,0,0.9248488692059813
1174,-91.38513611530773,1,-0.9377917716861928
1175,-15.31481093525559,0,-0.16910182649833436
1176,-182.87838205317342,1,-1.8428298826984113
1177,63.35224033640902,0,0.6109149577041451
1178,-104.52844684554279,0,-1.0428384212988444
1179,299.5890883277762,0,2.9975941611210732
1180,-56.284515170354204,1,-0.5801506161385139
1181,60.57609834386372,0,0.6155426331508068
1182,-59.19735031470894,1,-0.6318868332738945
1183,-29.953081773984245,0,-0.2942445578571412
1184,95.82953807675285,0,0.9557553714152764
1185,0.14632304180318623,1,-0.0441614617322695
1186,24.200458215611725,0,0.2321757147297812
1187,147.36361288946708,0,1.4695069148804942
1188,-45.92465982792289,0,-0.46149630962400867
1189,67.27673394820017,1,0.6262637454993517
1190,111.51064817424009,0,1.1133539158142294
1191,-80.57411979590324,1,-0.8349530292620494
1192,-81.60272378932694,0,-0.833505243956709
1193,102.89090266388298,0,1.021868299662244
1194,173.75499593277584,0,1.7507604672986836
1195,125.36648420251278,1,1.2153153987991443
1196,-13.577522350315279,0,-0.134120687121534
1197,24.113261564225343,1,0.1983984227227474
1198,94.05452021653115,0,0.9429299687109437
1199,56.195768708748055,0,0.5611539951290152
1200,-68.83452541330308,0,-0.6968363941546367
1201,-89.38745645782707,1,-0.9124206394642057
1202,48.72947423862656,1,0.4760488496795972
1203,45.34412997815448,0,0.46325030526417066
1204,-20.09594874034045,1,-0.2292924582149556
1205,-143.6448847568918,0,-1.4474400628126651
1206,-181.10518070542363,1,-1.8656444440689557
1207,-30.49785633625564,0,-0.3085031855308065
1208,-72.11310223357863,1,-0.7492323590673642
1209,-69.11165895329819,1,-0.7147670882477626
1210,-36.50070421530082,1,-0.37503075776670886
1211,73.09366807026224,0,0.734565918923671
1212,-30.0012952459858,1,-0.3114349920841778
1213,-217.946182844791,0,-2.1670276509363267
1214,28.394450343522998,0,0.28345787315696525
1215,-37.02653176974147,1,-0.3977071538385201
1216,-173.8984508052643,1,-1.7768159301892819
1217,-72.68310321901517,0,-0.7222614626051027
1218,192.37401625863072,0,1.9151583514530517
1219,-5.401199415296137,0,-0.05596455814778966
1220,10.251474437779544,0,0.11101703469460042
1221,-85.40391784596093,0,-0.864984187447208
1222,-86.93323812555448,0,-0.8757257871179912
1223,-101.58867514885333,0,-1.012833679163078
1224,116.3152575178711,0,1.1621643072196632
1225,-98.3289589780757,0,-0.9723395820902768
1226,66.23375053292494,0,0.6324614389203878
1227,32.54984626690911,0,0.3314627305490295
1228,28.291889487985163,1,0.2529324370834159
1229,42.55329302723466,0,0.42696881423377675
1230,-115.80233141287273,1,-1.1871545065593647
1231,193.70562480818637,0,1.9283582647493618
1232,-149.70537705049162,1,-1.5189667227335109
1233,44.88199906589674,1,0.4231609369394943
1234,-111.87151164030578,1,-1.1456612909906942
1235,155.95457195417498,1,1.5314760424272484
1236,-14.488260075398426,0,-0.14640232978761109
1237,-4.187092604372426,0,-0.04640587809449029
1238,-92.84035261144906,0,-0.9497559688457542
1239,54.744561237582836,0,0.5360394525475568
1240,-120.95280217538685,0,-1.2225353892462985
1241,74.44378085720739,1,0.7201192448163425
1242,-78.30861752357556,1,-0.8209478752871381
1243,6.4069950657600465,0,0.048723494585178266
1244,75.11309205966141,1,0.7350699702088199
1245,6.007619993576339,1,0.020069568520868063
1246,-99.70860312792709,1,-1.0219323841968437
1247,160.70121994453663,1,1.5768365245747045
1248,-108.6947328535355,0,-1.086753791268651
1249,-122.2364483235598,1,-1.2595162401125448
1250,169.4266997823761,0,1.7134441185266662
1251,37.499958481774215,1,0.3513612893082582
1252,-24.629386693076864,0,-0.23648854290778956
1253,219.7290593518711,1,2.1717886709456087
1254,-27.136896205435693,1,-0.3017552099008647
1255,272.5980821848473,0,2.7425151905373366
1256,4.621112831774116,0,0.05011544477414565
1257,-196.24550035303812,0,-1.961086434782375
1258,-123.97142996828704,0,-1.2306678104847961
1259,137.95721741123012,0,1.3806469339371341
1260,-138.7188233987297,1,-1.4347945633054946
1261,74.03584915398753,0,0.7316374948216363
1262,-39.41010646922712,1,-0.41181933856826675
1263,-6.58368874480376,1,-0.10242751180842524
1264,-84.77531483874814,1,-0.8650243228327794
1265,293.0587100107023,0,2.9451628975967945
1266,15.389173595071536,0,0.159144371713061
1267,-307.42523156729527,0,-3.077575516284291
1268,-90.66916497914116,0,-0.9128494102151448
1269,-112.20366329022018,1,-1.1481619635913598
1270,-41.51642758520972,0,-0.41714349093031855
1271,28.339855907271996,1,0.2578513458781056
1272,75.01007393684009,1,0.7217907580521349
1273,-99.38994350605584,0,-0.9964735939202294
1274,-68.52475325272268,1,-0.697488918971106
1275,3.043850568071188,0,0.03255560117604582
1276,30.413347824340672,1,0.2668792995994063
1277,43.60990322515126,1,0.3954325442043964
1278,-43.89287964440426,1,-0.4726731849436648
1279,44.92132964993892,0,0.4171476040086822
1280,-21.21469967696723,1,-0.24869271156808428
1281,196.2541693339639,1,1.9391215750433788
1282,263.36726276450895,0,2.62358621301578
1283,97.1405882651662,1,0.9333202034520139
1284,-6.415546527682074,1,-0.10707869818321268
1285,-28.743296339038626,0,-0.2717978074196315
1286,-82.25130144252735,0,-0.8131198848223375
1287,74.40369526774973,0,0.7407717245216064
1288,-3.763755458541655,1,-0.060001510038611885
1289,-24.75920380238873,1,-0.2841750254080181
1290,-162.75900652807724,0,-1.6214549205647697
1291,-10.363849317782321,0,-0.10845314979855128
1292,-108.8706266791494,1,-1.1136823510006488
1293,145.03806841714194,0,1.4456470009978417
1294,35.0365743421717,0,0.33058209251867143
1295,-76.83538318453955,0,-0.7439283821981525
1296,17.77392166738027,0,0.19416389514068205
1297,-235.1693155515855,1,-2.3714635851315156
1298,-19.081082446659224,1,-0.22734821072933578
1299,127.27586709643042,1,1.2388429611798708
1300,9.16600406985608,1,0.06839462293847322
1301,-169.03198249428132,1,-1.7258225269617522
1302,51.990311544570446,1,0.49466488031408157
1303,-154.71194258015777,1,-1.5734531367589166
1304,231.1196796934544,0,2.302141885240416
1305,-145.81635657950986,1,-1.5041840580704633
1306,-14.81810160601862,0,-0.1350617177185073
1307,42.94934075548765,1,0.3999238110971374
1308,-10.499680883262345,0,-0.10495995544007845
1309,-115.767147704879,1,-1.1756228284157697
1310,-152.37324245339508,0,-1.5248680917825232
1311,-0.09574611277148365,1,-0.027355791287822395
1312,78.89320719019537,0,0.7859630286167999
1313,-37.06435702500004,1,-0.3829343898553073
1314,18.60280618646939,1,0.14863514365291847
1315,1.0880711743062468,1,-0.027224971527099448
1316,87.25329644279341,0,0.8644361010699338
1317,131.463243219874,0,1.3198655876543988
1318,-0.8253068389508096,0,-0.009642535250674709
1319,140.1055333673426,0,1.3991528042459689
1320,15.856800703114017,1,0.14191316408864543
1321,204.81864338607372,0,2.0384366607983915
1322,-234.63123033795952,0,-2.337139157231959
1323,-177.9615701228675,0,-1.7735992080126441
1324,-34.26928088530307,0,-0.33510598783321754
1325,-50.43570166651857,1,-0.5526338854373204
1326,56.64735789287268,0,0.5840603521262607
1327,-181.45967875860654,1,-1.8295810990707575
1328,-67.73215959981471,1,-0.7028446680835637
1329,-46.97538135447392,0,-0.46446286618648713
1330,-69.61837775227086,0,-0.6997288045773405
1331,115.97412061385151,1,1.115463129480669
1332,70.93064840767694,0,0.717446719552628
1333,-3.333195490132122,0,-0.034913362751293066
1334,127.71013221729353,1,1.2435494537999812
1335,67.37883640935593,1,0.6299414265085439
1336,11.802949766111414,0,0.11890133614278595
1337,63.16416344423099,1,0.5916727804291326
1338,-93.79261180706716,1,-0.9685493554262469
1339,34.782064924514124,0,0.3630823838835525
1340,91.75313811460443,1,0.8838088770782269
1341,62.2118097420439,0,0.622083872952206
1342,16.171271008299176,1,0.14085653275436424
1343,-77.17270199873903,0,-0.7763767234224215
1344,58.0048443065116,0,0.5724608335190245
1345,-21.1582171667191,0,-0.23074630544960312
1346,-13.98083416660018,1,-0.1774600599442086
1347,-73.95077155071252,1,-0.7707053875204647
1348,0.8483432145985506,1,-0.026314404997897743
1349,-178.24282807061246,1,-1.8055658610263365
1350,144.4881234721283,1,1.409693682335002
1351,192.35211578388095,0,1.914369674410109
1352,-54.665071522627635,1,-0.5784194024425927
1353,-76.90874076832846,0,-0.7826176848102453
1354,-39.756377074033175,1,-0.42634885379780707
1355,290.7436871365334,1,2.8758194096718164
1356,155.62052613471693,1,1.5305071936060124
1357,48.088768522772675,1,0.42639047215061876
1358,-9.647144282347504,1,-0.11411377004004729
1359,120.9999701972731,0,1.2048756711833153
1360,26.437137697345403,1,0.23026852733187206
1361,52.93995889758917,1,0.4939349508934367
1362,24.519371685777855,1,0.22633780833296532
1363,-3.725630112285512,1,-0.07498573666703942
1364,248.06611038129694,0,2.4839303292292056
1365,-103.38373804579577,1,-1.0659027396070337
1366,-17.432590238950745,1,-0.20445884450125282
1367,140.81644147649166,0,1.4096892752092833
1368,-34.968504398587676,0,-0.3555613493520452
1369,-167.73522318405153,0,-1.6741309761783891
1370,-38.934123244965946,0,-0.37973907556773834
1371,1.5862076499701003,0,0.010428132732594256
1372,-40.724513576251454,0,-0.41212795038607786
1373,-4.395563940283469,1,-0.07608069771112637
1374,159.0547235754505,0,1.5796859095665747
1375,227.10109417677148,0,2.267454034921312
1376,29.727375945176075,0,0.2890141043066732
1377,-129.6621082681117,1,-1.3420236066625761
1378,-294.2800670923694,0,-2.944587493260121
1379,-158.34076204275766,1,-1.6126737059420293
1380,190.19228093515076,0,1.8988859909837301
1381,-55.88315829405753,0,-0.5374997534612137
1382,79.7180323760087,1,0.7752507407009711
1383,-53.83971216728305,1,-0.5650334296459181
1384,214.51794870511503,0,2.1520913517899283
1385,93.25571672623092,0,0.9428667702553861
1386,100.79731650193547,0,1.0158836130044022
1387,191.88967538201396,0,1.9199261653221282
1388,-90.14167694671745,1,-0.9292647209594466
1389,32.328087910536674,1,0.2829007318241411
1390,-145.97113401540395,0,-1.4425092946072933
1391,136.7353432054287,0,1.3736987930876259
1392,119.78381394534365,1,1.1343011281171698
1393,-98.69506210432759,0,-0.988147816820718
1394,-150.7773758996996,1,-1.5446755755499912
1395,-59.4014600697836,0,-0.5878877494260005
1396,-194.64853885342643,0,-1.945058212936945
1397,-20.146905988969657,0,-0.19649916080156393
1398,230.32349344345948,0,2.3126032593090238
1399,-37.88093578370452,1,-0.4157430474611564
1400,-151.1596337156439,0,-1.5184326876221055
1401,-103.43401812612566,1,-1.0640198756519859
1402,22.639311890275255,0,0.2149724298409085
1403,23.788625809187725,0,0.2543126615123353
1404,-0.5071987656426402,1,-0.04034641690914946
1405,-26.31452391217403,1,-0.2769878877479252
1406,-18.67297544608998,1,-0.21239573290601824
1407,-159.08891287742958,0,-1.5920932652500381
1408,-106.84929810541408,1,-1.0835726973522386
1409,71.020988898372,1,0.6704935606976411
1410,-44.72609596629077,1,-0.4903460074251132
1411,0.5446939701023458,1,-0.0323899583762425
1412,-264.8663144753327,1,-2.65680019030746
1413,-2.3552607826244856,0,-0.025016200108798632
1414,-173.85148596611808,0,-1.718025791540992
1415,80.08610284232611,0,0.7811412767462659
1416,-298.41742240959144,0,-2.993050447912896
1417,118.02140626132031,1,1.1546285898807638
1418,109.80409319696159,1,1.0676365382803368
1419,-22.556777007882694,0,-0.22983883709210717
1420,-59.78632036728866,0,-0.6105538616655156
1421,-38.02219709817442,1,-0.39066164120241076
1422,-268.51850156572374,0,-2.693558848363825
1423,-97.16485060249224,0,-0.9583270211196592
1424,98.99763412357822,1,0.9595639400436746
1425,112.54818536410326,1,1.1108400172037758
1426,-104.80597392850035,0,-1.0644838068026616
1427,144.50867117006825,0,1.4472919517326548
1428,-15.514834876969218,1,-0.20751508741049807
1429,-62.585036603038695,0,-0.6264255895710171
1430,-41.474387499064754,0,-0.4122882189186081
1431,23.423419464469646,1,0.20004344364119783
1432,-206.4910844925362,1,-2.099659942006703
1433,-147.00774991301572,1,-1.4959616041849313
1434,107.80323880156246,0,1.0762993175063338
1435,-70.2023214877213,1,-0.7460917371918856
1436,160.39977096195156,0,1.6005369640944747
1437,116.43019046028795,1,1.1356039730390495
1438,38.48047312861343,0,0.37809121032953663
1439,-100.9894405973277,0,-0.9851533155514918
1440,46.84090881939778,0,0.4589485130208461
1441,53.62566762566065,0,0.5632874720501274
1442,148.68555638999476,0,1.4724862359730826
1443,-74.31082401347753,0,-0.7315463971902685
1444,3.5255326885841693,0,0.027338327032590853
1445,87.69208691087161,1,0.8518427552852135
1446,79.48537877671137,1,0.7582088858999023
1447,31.723095805270226,1,0.28840729427531975
1448,65.74011606747972,1,0.6177735930853836
1449,24.758007675735968,0,0.2586650988448847
1450,-204.32197203026334,1,-2.078624693379933
1451,76.85804741290347,0,0.7529176782645938
1452,-4.999063493704203,0,-0.04006329491493159
1453,-46.8331038126135,1,-0.487470199944929
1454,-165.66649792450661,0,-1.662116988073585
1455,-105.57010017664054,1,-1.084114804596354
1456,-2.968772875608204,0,-0.02858557188650291
1457,-53.704351354423046,1,-0.5507620082302157
1458,62.63312081805453,1,0.5916179955039521
1459,-109.63755593928401,1,-1.1282704776431904
1460,-150.58725863641234,0,-1.520028734120446
1461,-57.13736209411665,1,-0.6186817392660555
1462,-162.96619972154994,0,-1.6277174443271882
1463,95.53259225443118,1,0.9197502411268849
1464,140.01859037222275,0,1.4093524378641915
1465,274.2680729421635,1,2.7019290785467454
1466,33.614143781595516,0,0.3373586251328436
1467,-130.4514166916588,0,-1.2927646766255168
1468,-190.13981202777543,0,-1.9107366074070564
1469,59.64539184622038,1,0.562358494157909
1470,-114.73577155325368,1,-1.164024320437537
1471,207.25805785297197,0,2.0762744979983316
1472,-65.49801727476601,0,-0.6500520619978016
1473,316.45782093160255,0,3.156612712953654
1474,16.898525180888754,1,0.14854167898109616
1475,-52.309343878032344,1,-0.5458194875388763
1476,-138.74130698909585,1,-1.4280116324219407
1477,75.06260356408963,0,0.7588349214723963
1478,128.7979837377973,0,1.302211428138355
1479,103.45783195451962,0,1.0501997438195156
1480,52.59274136903027,0,0.52477019165883
1481,68.19506317100421,1,0.6483528946616539
1482,116.58145832121687,1,1.1488922197654245
1483,66.01589878753308,1,0.6338763156489278
1484,-66.19622772293232,1,-0.6930928223107357
1485,447.4921763185968,1,4.454768492021499
1486,50.46515335004456,0,0.4910750838086099
1487,-10.127802313471426,0,-0.10891899169705489
1488,78.30708973572037,1,0.7545233144739621
1489,-67.77006725343591,0,-0.6722302903909176
1490,93.05636029533636,0,0.9461565898569972
1491,-51.63648472999644,1,-0.5302893308794965
1492,12.51672900185303,1,0.10973855015831951
1493,137.3119505458271,1,1.3362356848635322
1494,-73.26040264923489,1,-0.7614574392504759
1495,-35.58433418389244,1,-0.38042410104601426
1496,-78.14565088258037,0,-0.7786810683512062
1497,-110.46410768989274,0,-1.1219234442572092
1498,28.47602176403038,0,0.2770808684311246
1499,285.48649265041723,0,2.84697184951685
1500,81.68063596866453,0,0.8134417838442384
1501,-288.3351083119246,0,-2.880211021801754
1502,46.8957325673401,0,0.46622234234430887
1503,5.132741222053391,0,0.033788879944655084
1504,-0.7677892845108516,1,-0.026674093502328987
1505,-57.329024745377616,1,-0.6008724614347357
1506,-139.90893531996133,1,-1.439406579256626
1507,-63.65631433783542,1,-0.669796691195068
1508,27.044207631765694,1,0.24900681701923155
1509,-30.744286168050046,0,-0.305882292888493
1510,-225.49850230845587,0,-2.2541066784412274
1511,-25.811414176633743,1,-0.2737407128715665
1512,-52.801157654409195,0,-0.5181855286826778
1513,-153.06049927703702,1,-1.5389445082501734
1514,-296.63257909400477,0,-2.9706021601960835
1515,61.03931210382054,1,0.5909853011675463
1516,-102.88302294108193,1,-1.0384835351588888
1517,-3.178944027874627,1,-0.06617433572807946
1518,-35.8854635251369,1,-0.40277471868850295
1519,9.421717362041386,1,0.07947190052616968
1520,162.75174611381746,0,1.6279175978913847
1521,-129.00521338916906,1,-1.3299664911062654
1522,-95.91729363493499,1,-1.0047214326810034
1523,-101.10148957823101,1,-1.038580514833672
1524,-56.251801702456724,1,-0.5916923475292502
1525,-143.42302307205057,1,-1.456436197206563
1526,-82.22512161760373,1,-0.848821729411357
1527,150.83101249436828,0,1.517132388126814
1528,68.60421207277084,0,0.682581745146338
1529,-9.849247420204636,1,-0.1313248882504386
1530,137.39815525466278,1,1.3457389083799685
1531,-53.74436999941592,1,-0.5857167656991705
1532,60.33091688877712,1,0.5648626380081359
1533,10.41300222752235,0,0.0889684290811774
1534,-220.9478051904801,0,-2.207881421404905
1535,72.90488803194475,0,0.7323180050174952
1536,73.40601935688379,0,0.7261241097793153
1537,-138.54342247706836,0,-1.3837820173027273
1538,193.85240499999057,1,1.917504657520409
1539,-152.47318941572988,1,-1.537814512868154
1540,164.375786050394,0,1.6635475401578463
1541,1.8190308387331278,0,0.00716382061946484
1542,68.16157936310692,1,0.6496229130477192
1543,118.48480614980956,1,1.1601100071781414
1544,-269.2343693552267,0,-2.699584103257972
1545,-28.477112459153307,0,-0.2959129124303738
1546,-117.48951389658754,0,-1.1824329538266536
1547,202.35583610459844,1,1.9903878671493196
1548,241.8610287318709,0,2.4060846678621304
1549,33.36352331457468,1,0.30082922577653703
1550,-51.316659265270964,0,-0.5088271742851296
1551,90.71094130552312,1,0.8758671558814807
1552,150.78469034092845,0,1.4991061977457596
1553,-67.31024815393438,0,-0.6642226435777528
1554,24.017588476119254,1,0.21281079242528647
1555,-42.756347134554055,1,-0.46220354825918736
1556,-68.69526183052452,0,-0.6912376182025641
1557,45.999124546976816,0,0.44113423130419127
1558,-90.04618835561018,0,-0.9177516424550329
1559,113.97477019749864,0,1.148011827932473
1560,81.19728019835175,0,0.8074072379667748
1561,-22.91770365279914,1,-0.26613698906156263
1562,63.4995091115172,1,0.5930267111223614
1563,10.243293406460712,1,0.05915989831386019
1564,-141.3696057876186,1,-1.4429473309626242
1565,-10.672473638559971,0,-0.10421173765578538
1566,25.14207934151955,1,0.21151022844450196
1567,-189.2134146683918,0,-1.8809451767144305
1568,5.838875272814985,1,0.015816261504826748
1569,193.3932773156047,1,1.927428188276426
1570,-30.506022541311644,0,-0.2966820344196462
1571,153.7652686483188,1,1.5173097641697852
1572,61.67080678646944,1,0.5827311874236423
1573,259.6621310010274,1,2.568979983856084
1574,-222.11767717004506,0,-2.207211193911358
1575,-48.887547822130855,0,-0.48947229550114
1576,-79.61581154676884,0,-0.8002378296506933
1577,-22.618678277138407,1,-0.2331248058979326
1578,112.14000165426857,1,1.0926421230655063
1579,-75.65688502913798,1,-0.7785688729739741
1580,141.8954081226983,1,1.3924666350932653
1581,-51.40455000556386,1,-0.5672264580232382
1582,-58.901742700897415,0,-0.5910450285861781
1583,-35.20450614844383,0,-0.36574045392767496
1584,-40.0723957887195,0,-0.3964553208607925
1585,-55.85122622809182,1,-0.5915302595702736
1586,134.92595100444157,1,1.3322452528078201
1587,119.41571128424536,0,1.201437597390661
1588,-32.34975030123797,0,-0.32645951817640106
1589,-56.37033451012406,1,-0.5965914606057816
1590,-145.86814971105315,0,-1.4672434169166955
1591,-11.89229751396402,1,-0.1502029390319713
1592,-11.910050516565462,1,-0.15719799856978423
1593,-210.42758886591238,0,-2.104172304655005
1594,152.95424875655127,1,1.508830834542187
1595,111.96849877561134,0,1.1128360957695302
1596,-33.50179778530022,1,-0.3626260200162763
1597,-53.280115694178754,1,-0.5566718424451889
1598,92.02241524532792,1,0.8909633824670692
1599,141.98273904083476,1,1.3802374521008829
1600,-6.89916811030405,0,-0.07415313408927328
1601,-38.22941208442207,0,-0.38637053202460353
1602,224.31055245318495,1,2.212495794780857
1603,159.6556294971231,0,1.6009854666630394
1604,-21.721216235583412,0,-0.21556578272522356
1605,177.83984849740116,0,1.7734722598204276
1606,56.846231787382656,0,0.5688454689144554
1607,-47.26860554196535,0,-0.46936750543667793
1608,-304.34248398099453,1,-3.077555287306886
1609,-124.16073605315796,1,-1.2374976669240534
1610,124.78474070330427,1,1.2181078861246526
1611,5.644582512163776,1,0.023700733876995568
1612,-43.72696085165375,0,-0.4313147858258035
1613,-248.59888361426184,0,-2.492816633852912
1614,5.281299872393913,0,0.05265839605172867
1615,-22.495845059721916,0,-0.22375516490919337
1616,-139.92372047031733,0,-1.397038765443511
1617,77.94670599658815,0,0.7783878581818927
1618,83.03811967929646,0,0.8413688493598525
1619,76.33730567098031,0,0.7627933259125897
1620,81.70715572432601,0,0.8104137241823209
1621,69.86974896967494,1,0.6738055821011112
1622,-182.9255009080446,1,-1.8625940178201674
1623,-56.96926607109461,1,-0.5981775824041115
1624,-182.14345636621005,0,-1.8196454402700695
1625,109.9568532780438,0,1.106623517201649
1626,104.11803390007465,0,1.048358945989164
1627,-7.314556659138346,0,-0.07194936527180518
1628,23.160835373040616,1,0.20699046302954194
1629,-87.25727698450068,1,-0.8805950479014328
1630,-86.90908946874107,0,-0.8721151196106085
1631,45.649949859493816,1,0.42880054888742686
1632,152.75942624200368,0,1.5319466458084923
1633,150.89027124996622,1,1.4784203264836386
1634,14.056769399622134,0,0.13429189256185917
1635,-79.85147889746295,1,-0.8235322836267859
1636,-131.2285218335241,1,-1.3117933376393627
1637,-57.28207538921527,0,-0.5776708992925641
1638,-79.82127520181545,1,-0.8176324417492348
1639,-3.4816947852925506,0,-0.06370568307591157
1640,96.13077733416426,1,0.9537972229173796
1641,78.43681710390729,0,0.7814303023727656
1642,-32.00199377706513,0,-0.3190796998956828
1643,58.68063939619688,0,0.604217432433534
1644,-25.816706696807618,1,-0.2891594882193951
1645,23.030769348864794,1,0.18903639645559184
1646,-42.35891160405136,1,-0.4366737737730472
1647,45.77720117020749,0,0.45982018046646905
1648,-150.61461697506863,1,-1.5336864166090294
1649,101.40749128689303,1,0.9889664210457585
1650,67.18883186529902,1,0.6186358853253758
1651,-38.34655237210812,0,-0.3809112596575383
1652,261.55750038959104,0,2.6000538090941565
1653,20.524711191814717,1,0.19365577262018924
1654,1.7100721702614023,0,0.005803407837570751
1655,-10.08291356110129,0,-0.11339882619527054
1656,-173.65801475583618,0,-1.739017402535911
1657,-102.70057885216114,0,-1.0285555430695368
1658,-1.7282699352903306,1,-0.05849422705435797
1659,-23.231298405765695,1,-0.27021066902108826
1660,47.91187255305093,0,0.4932436269531277
1661,199.8599189902808,0,2.006417277688887
1662,115.45602846230067,1,1.1206644307637448
1663,-112.55951556684688,0,-1.1292833560570197
1664,30.880049069696277,0,0.31148402970259403
1665,-75.83535765542267,0,-0.7485103227798307
1666,-31.010558088761847,0,-0.296822274225911
1667,100.8846573182585,1,0.9789216421148772
1668,-85.03948315585264,1,-0.8807038416808731
1669,-13.87567978825784,1,-0.19621778154857922
1670,138.3084296415052,1,1.3493598005456797
1671,-47.146811132564736,1,-0.5183399618178863
1672,-155.9740710304494,1,-1.5906822647607144
1673,-66.81848922682954,1,-0.7132647964169687
1674,252.8108920913981,0,2.5391061984244625
1675,27.932049401039865,1,0.2514615371442039
1676,84.3585927204607,1,0.8136358170016532
1677,-28.573089714339968,1,-0.3268140764489228
1678,-10.700684510159471,1,-0.1338219910746857
1679,11.485634053906054,0,0.12915132796860118
1680,101.06678490010276,1,0.9690299223113535
1681,53.0926577231664,1,0.5051855964298635
1682,-189.01631955586237,0,-1.883612111393037
1683,-73.05163465507233,1,-0.75251938933889
1684,171.35662652153434,0,1.7091937512738553
1685,18.056414854266542,1,0.1510125796830467
1686,-34.54228281933985,1,-0.38083754855617624
1687,-147.4060749813134,1,-1.4901475142270078
1688,-0.8015659406188741,1,-0.04658637941719989
1689,101.35559100394624,0,0.9977847888231417
1690,-70.76182212948267,0,-0.7148297749593837
1691,-148.2332299565229,1,-1.516251082967291
1692,11.105991361944152,1,0.0765813288570577
1693,-28.487471581080833,0,-0.28113531547936454
1694,209.92399673242178,1,2.0658006828353606
1695,-182.1022224850093,1,-1.8454712222483858
1696,-9.250561165910245,1,-0.12818062309157918
1697,-283.7688024541333,1,-2.8463428071876145
1698,92.1998720385245,1,0.8797450959343284
1699,-143.6181639059239,1,-1.4669157051943797
1700,-34.03066167967394,0,-0.33431799722133687
1701,56.000747069582275,1,0.5315127021244922
1702,45.91483389842265,1,0.42432490406761436
1703,-5.602285227388974,1,-0.07971758021313093
1704,-27.19881014393503,0,-0.2800465340435521
1705,17.743206912479362,1,0.13801786198165025
1706,-77.03528821658723,0,-0.7567655293995447
1707,-111.79190609033775,0,-1.1243215057440101
1708,-108.24179141600017,0,-1.0774575253075127
1709,-176.88332677500912,0,-1.7700719910787532
1710,158.28032365082154,0,1.5884422206156372
1711,148.94803982049604,0,1.5019676499976256
1712,-39.45351380902198,1,-0.4110475215638005
1713,-11.164727219079547,0,-0.11103546265274852
1714,47.793240102859805,0,0.460908873971744
1715,-141.1567132096835,0,-1.4265935729303452
1716,1.4399059904839038,1,-0.01876795200028916
1717,-23.509318926828772,0,-0.23713509789445678
1718,-57.719286549437385,0,-0.5717936543149815
1719,-159.87130242182357,0,-1.5949825888391385
1720,54.746297706310465,0,0.5352267313845693
1721,-62.65224364128987,0,-0.6229842130844668
1722,-10.132005755897762,1,-0.13139529245572723
1723,-20.180075991586648,1,-0.2354891914161567
1724,34.34317543670709,1,0.3188764847454375
1725,32.24953109042491,0,0.3224788865474758
1726,44.46921875326235,1,0.40981610828733456
1727,63.199891754124664,1,0.6118827695336011
1728,-76.62877578800692,1,-0.7848745629709567
1729,-198.1970410351895,1,-2.004846089939247
1730,303.29265260184604,1,3.0327864188516958
1731,47.293514093695094,0,0.48199011732277175
1732,88.07997482769156,0,0.8756031421372422
1733,302.96148324851157,1,2.9997617337700087
1734,-7.454779711976736,1,-0.10818508505830518
1735,-211.87435625585155,1,-2.1421450793441448
1736,78.92644372709476,1,0.7679082774062281
1737,-170.76568427684063,0,-1.722339928753077
1738,34.642881184605756,1,0.31254938156721335
1739,92.86583265014765,1,0.8987607449403833
1740,-169.9134843101166,0,-1.6990690242125503
1741,155.44106730199368,0,1.5539895757730047
1742,49.72810938966799,1,0.4724774389627089
1743,83.49079160180398,0,0.8143370378371176
1744,-93.70755032171868,1,-0.9518289017360053
1745,-96.0283678923869,1,-0.9972954951704057
1746,53.47374384293457,1,0.4968289502547334
1747,190.85266629445988,0,1.9208629713154488
1748,-175.67151619266357,0,-1.7493914287558872
1749,-47.35640739479077,0,-0.4808442486624958
1750,73.19612012413997,0,0.7350432030954814
1751,99.28737859688754,0,0.9966942852132904
1752,93.91340456270768,1,0.9036388364218331
1753,-61.49346128037918,1,-0.6450167831723981
1754,65.35963697190263,0,0.6400920880070491
1755,-37.32631939407234,1,-0.39987006216631044
1756,-200.7370392497901,1,-2.033013426465274
1757,151.62588870797453,0,1.5044564045262458
1758,17.389214676168915,0,0.17536644602413176
1759,-1.110136556286191,0,-0.014981106940103408
1760,108.41806853474483,1,1.0635931184949097
1761,117.17893086372669,1,1.1680413559334828
1762,57.92370136610512,1,0.5588163908543348
1763,-133.42048790046132,0,-1.3295507806167457
1764,-142.61776346781227,1,-1.4523609601000942
1765,-41.912561508512326,1,-0.4431842004236953
1766,-24.74672583162525,1,-0.26857300494014685
1767,-0.6224574018090367,1,-0.03895636312088857
1768,-61.90078856267329,1,-0.6365343220432578
1769,-5.410763571396537,1,-0.08314773630840244
1770,-42.53328944790138,0,-0.4311912958471051
1771,117.9029477085164,1,1.1360766411326122
1772,204.67816325141428,1,2.0015436000714795
1773,104.6461841631654,0,1.056521277084751
1774,-22.811718270559716,1,-0.25098632675684474
1775,100.06825698061571,1,0.9890170359312282
1776,-92.6425890095438,1,-0.946536530449954
1777,-60.63313808696108,0,-0.5999714424015679
1778,167.64915484184996,1,1.629871144222296
1779,186.20522152640152,1,1.8093583321926636
1780,14.082670556291843,0,0.14111319469867878
1781,175.47201313475964,1,1.709916248700893
1782,127.64461576661782,1,1.2659852057525702
1783,31.646251399075183,1,0.3008957144799358
1784,-243.85896233731108,1,-2.4662957556908482
1785,108.41482438650816,1,1.0480566567878096
1786,-43.44168359072742,1,-0.471454463556934
1787,57.14191075615656,1,0.5370475473366845
1788,-28.377366014199964,0,-0.29310110589127686
1789,92.75355491048678,0,0.9406405942316113
1790,23.47033908976139,1,0.22109228934177522
1791,-43.835254822880906,1,-0.46365463887108027
1792,74.01272876266955,1,0.6981383113463349
1793,-4.826444542529363,1,-0.08775073431696503
1794,-44.69105585164814,0,-0.4451261830708632
1795,-143.31601281351425,1,-1.4571225033620048
1796,-115.91293956825112,1,-1.184325260168238
1797,6.127209575805511,0,0.05757940218502064
1798,-95.78358110066466,0,-0.9568719385595764
1799,-59.484705623069594,1,-0.6161851528062766
1800,182.38553897221618,0,1.803122562362925
1801,102.2715332639914,1,0.9958644729583402
1802,-70.60253079984689,0,-0.7149979948762198
1803,3.749847094862307,1,-0.0011452772248314808
1804,131.93462418280427,1,1.2967798936538837
1805,14.454278207815975,1,0.12600160023074747
1806,65.77731036961202,0,0.6613130781668434
1807,51.66965228002138,1,0.4910332386582833
1808,-126.03795343643685,1,-1.2974117849363533
1809,-201.67888765149493,1,-2.056156245817524
1810,209.52902904759733,1,2.0565369190494582
1811,-164.2376111514726,1,-1.6646110991321668
1812,48.77437806685839,1,0.47026450462962716
1813,120.44990567494683,0,1.1924113349459902
1814,31.562259893742514,1,0.2888155768052465
1815,55.694314773099904,0,0.5600766721524317
1816,-5.198288928527814,0,-0.04707025777655504
1817,68.95553040095075,0,0.6979286958964253
1818,8.668755871657618,1,0.055549706047973886
1819,-104.1214952372317,1,-1.080522446523829
1820,286.2074929761375,0,2.847786043560832
1821,50.99220093127883,1,0.4797669121831551
1822,-48.94948951004047,1,-0.5135910891086773
1823,22.543615688381653,0,0.22518316112739595
1824,48.70576905142541,0,0.5068192828609797
1825,23.48282216092116,1,0.200174363153258
1826,-214.70065355704213,1,-2.1732223105936943
1827,164.22694961199036,0,1.6469143818372016
1828,-188.51210787844465,0,-1.9015835429818746
1829,68.06688337230827,0,0.678260993476985
1830,84.27395433312766,1,0.8056332628147238
1831,346.3810505593815,0,3.46359401634353
1832,-205.33023069229574,1,-2.0874181618646928
1833,-85.7256160001881,0,-0.8486711813157076
1834,-132.05036192140386,0,-1.3139872660322687
1835,-162.14110785279507,0,-1.6292561984173182
1836,9.099719954263264,1,0.09315569122819994
1837,68.73368212190464,0,0.6935978586372403
1838,-133.8545509001119,0,-1.336136298471293
1839,68.16172774928985,1,0.6529939421773486
1840,-18.627650840333548,1,-0.19640525588182656
1841,31.227659654567184,0,0.30859565781229514
1842,25.621445307463144,1,0.22719478608296934
1843,93.03981276871417,0,0.930744498927072
1844,-232.37924801823695,1,-2.356647158267726
1845,-14.679142376473381,0,-0.13725389757156073
1846,-8.985346902065473,1,-0.11888785186195279
1847,-142.49663480344188,0,-1.4338705481181293
1848,-32.94111547820663,0,-0.31162167515844585
1849,-130.984941910345,0,-1.3126546844388225
1850,-411.08483241323484,0,-4.101033771438566
1851,53.79483108629142,1,0.5020557024339243
1852,9.98105153887773,1,0.06307703401101644
1853,3.737260694291133,1,-0.009364903772184782
1854,-52.56001187882859,1,-0.5386823467037534
1855,-68.59311506029437,0,-0.6694613412476663
1856,-91.7272042785687,0,-0.9126326122424515
1857,-60.39932810361596,0,-0.6011013097759781
1858,55.46989288217902,0,0.5577448945589459
1859,-85.4332998425424,0,-0.8458321409348746
1860,-1.4875557891330928,0,-0.012214226132089766
1861,-93.45674467929868,0,-0.9463475703337018
1862,37.52801778514713,1,0.3526967955894603
1863,42.31144792603205,0,0.40912331070963626
1864,-158.69463464700138,1,-1.627608249458922
1865,-3.2525326234784413,1,-0.06033499778245465
1866,-92.24783831568139,0,-0.935357715150899
1867,-62.079745437957826,0,-0.6193438564080587
1868,8.585932922012216,1,0.0601381195368218
1869,-54.80295741203552,0,-0.5438991056796235
1870,0.2853443295412814,0,-0.01259759868269382
1871,-24.379106775911385,0,-0.24722763355121186
1872,30.52230720169253,1,0.2714036122647506
1873,76.43514799957255,0,0.7635432408497498
1874,91.08324868497506,0,0.9230435315257467
1875,217.09749059678887,1,2.135736171770591
1876,59.74350418180198,1,0.5758830808137992
1877,-214.0984759526119,0,-2.139070294387504
1878,117.36782004488484,1,1.14865142168842
1879,73.60654300839366,1,0.7166588183560096
1880,30.03491253819228,1,0.2692237154126015
1881,-81.756795768571,1,-0.8356001281431226
1882,8.571733188717742,1,0.05194470247408928
1883,-25.876515611526138,0,-0.26710992250135046
1884,37.036796191243674,0,0.36568736626077736
1885,-128.54037337330075,1,-1.3046373687812391
1886,68.29494655149072,1,0.6575493387655944
1887,-166.1791261637284,0,-1.658391470274233
1888,0.936947574996972,0,0.0015263653417968653
1889,44.53218517247602,1,0.40454136874658586
1890,43.32894901679481,1,0.39325756148175256
1891,-7.956550980940042,0,-0.09218953682198534
1892,37.468679105073186,0,0.36359475647826617
1893,150.30720234144985,1,1.4683633682968007
1894,-73.19260286453655,1,-0.7505227921826989
1895,-177.17945708170484,0,-1.7704773649126626
1896,-70.33884091137844,1,-0.7220793501515911
1897,104.98061809339936,1,1.023434202289234
1898,-135.41027158098152,1,-1.375560143832608
1899,-183.8992155734884,0,-1.8377142462338736
1900,-13.200256694115991,0,-0.14635209470057764
1901,57.55633118383125,0,0.5591537576561714
1902,31.717070539932536,0,0.31483710980192775
1903,72.4404492281318,1,0.6914803973594379
1904,125.4301312597053,0,1.2384174792202922
1905,180.94011900121723,0,1.81562671795616
1906,68.22435285532654,0,0.6846610694803982
1907,65.92278653904027,0,0.6434518540060584
1908,256.5876215891595,0,2.5534764953445657
1909,-23.421486961962863,1,-0.2609319402139361
1910,-57.64752236465199,1,-0.608417843595248
1911,-76.26010866798633,1,-0.7957432692459376
1912,122.15846021998594,1,1.186567682867824
1913,-169.77295793474192,0,-1.7056834544990649
1914,97.52584415611904,0,0.9639388517488674
1915,-39.62452611773373,1,-0.4174515503987725
1916,-117.41963041672619,0,-1.167221750180987
1917,75.06303965528816,0,0.7453711006111776
1918,25.227343476719703,1,0.21907627587901107
1919,21.499745417722092,0,0.2070273510749361
1920,72.89362190256323,0,0.7203306844706471
1921,91.9953301338412,0,0.9492873503012651
1922,-154.56021561944448,1,-1.5556305796982222
1923,40.95554837142756,1,0.3632669935492503
1924,-87.52265185542927,0,-0.8928320033928759
1925,62.02439957360629,0,0.638396186093403
1926,-41.766500303012776,1,-0.4461598483491575
1927,28.148447786528934,1,0.2518896035772934
1928,-22.01909735822308,1,-0.2333725117465282
1929,-102.91759803328951,1,-1.0656382462150509
1930,27.63704973006606,1,0.263041760006185
1931,63.342041818586885,0,0.6200186736987582
1932,-52.566041649557945,1,-0.5580643997089971
1933,356.79108727887257,1,3.545261257915046
1934,10.467292138688325,0,0.1171429369655539
1935,91.26795394218205,1,0.9010525595795081
1936,-98.23433708155973,0,-0.9846264327030325
1937,-42.06139259293675,0,-0.43407667222534313
1938,86.87657783653268,0,0.8596283569212989
1939,-76.02833003041046,1,-0.8012615938656579
1940,103.27014836714444,0,1.0211586796013716
1941,47.02904020127901,0,0.4611414290708927
1942,-261.518105213379,0,-2.6043539230462445
1943,71.786198552329,0,0.6974515011295428
1944,68.81846718386446,1,0.6587969048705477
1945,103.09088446302778,1,1.0208712968934437
1946,-46.83897127875758,0,-0.5023724177090592
1947,-151.10190909871721,0,-1.511934439708083
1948,197.46159094240335,0,1.9853211057259286
1949,-168.9883398038553,0,-1.6953148724539038
1950,-30.35504761598779,0,-0.3095038387263963
1951,-102.13602310087265,0,-1.0122246234721712
1952,51.09513842050235,1,0.47830806178888263
1953,186.51166852076813,0,1.851687674356196
1954,-78.28711864151228,0,-0.7664254280979519
1955,-191.4662472258303,0,-1.9193836021134387
1956,-189.5182646528594,1,-1.9369195905717558
1957,63.9612440669619,1,0.5940336222310916
1958,141.5054186888862,0,1.4224113730980092
1959,91.88741759735875,1,0.9114840752099436
1960,-9.569230696358566,0,-0.08038683576453466
1961,61.28460425775833,1,0.5659295845594524
1962,171.8684458649404,0,1.7300124311543201
1963,115.81693068041571,1,1.1228413163686761
1964,67.3229766053484,1,0.6284195991211704
1965,-146.14174453173052,0,-1.4588514697406865
1966,52.8388790212509,0,0.5343751091083384
1967,-157.7466345713293,1,-1.6005470893399119
1968,120.40620745132266,1,1.1597207019249722
1969,62.64271791643955,0,0.6537977997458102
1970,-146.0103530277839,1,-1.5080054821410893
1971,-34.63820592975413,0,-0.34805888355599246
1972,91.26167777889654,0,0.923482397976803
1973,-140.9447044527428,1,-1.460617694232216
1974,76.08418861554976,0,0.7548940052972547
1975,136.72871606340732,1,1.3315477238798474
1976,-26.02219956326308,1,-0.28234323752689006
1977,-100.22674756179187,1,-1.0442456725525247
1978,33.740649683430924,1,0.3180602015062092
1979,-60.191612165056114,0,-0.6127731183251566
1980,154.44200640181384,1,1.5322512718925374
1981,-61.708961142981885,1,-0.6423663746451409
1982,-219.6631826672413,1,-2.217063760153082
1983,-41.36791044443857,1,-0.45542346780505616
1984,-150.71113691183282,1,-1.553461450360344
1985,112.42737233159349,0,1.1131220090045444
1986,127.64494188443877,0,1.2729806558237151
1987,24.876616190818474,0,0.2458870234027059
1988,-18.164033688717556,0,-0.19512486560679965
1989,153.9087727921572,0,1.523962166786687
1990,-71.68664989848229,1,-0.7481158818743104
1991,42.710510105202815,0,0.43187335552965156
1992,148.67287884228165,1,1.473548840854849
1993,-76.10827692313698,0,-0.766809794597004
1994,-106.91966324047179,1,-1.0981630008723797
1995,-77.71612608775447,1,-0.7993518198495483
1996,-24.671064482459677,0,-0.2518308208385551
1997,-20.274363858979147,1,-0.24005033828916156
1998,-161.36790276963663,1,-1.615898890847992
1999,105.79737199445711,0,1.0493313052447253
